연번,시도,시군구,법인명,시설명,시설 주소,전화번호,팩스번호,이용자 정원,이용자 현원,종사자 정원
1,서울,종로구,서울가톨릭사회복지회,비둘기주간보호시설,"서울특별시 종로구 동숭4길 28, 2층",02-766-9026,02-766-9025,15,13,4
2,서울,종로구,하상복지재단,라파엘주간보호시설,서울특별시 종로구 필운대로9나길 15-4,02-739-7024,02-739-9624,10,10,3
3,서울,중구,영락사회복지재단,영락주간보호센터,서울특별시 중구 수표로33 영락교회 내 교육관 1층,02-2280-0278,02-2280-0289,15,10,5
4,서울,중구,서울농아인협회 중구지회,남산골주간보호센터 ,"서울특별시 중구 퇴계로20길 41-11, 3층",02-3789-3270,02-3789-3269,15,14,3
5,서울,중구,시각장애인여성회,여성시각장애인주간보호센터,서울 중구 소공로4길 15,02-318-1672,02-318-1488,10,10,3
6,서울,중구,사단법인 서울특별시시각장애인연합회 중구지회,시각장애인주간보호센터,서울특별시 중구 퇴계로20길 41-11,02-774-0085,02-774-2285,15,15,4
7,서울,중구,서울시지적발달장애인복지협회중구지부,파란마음주간보호센터,서울시 중구 청구로6길 20 효종빌딩 1층,02-2235-8708,02-2235-8708,15,15,4
8,서울,중구,사단법인 동행연우회,구립중림장애인주간보호센터,서울특별시 중구 서소문로 6길 16 별관2층,02-363-8765,02-363-4343,12,11,5
9,서울,용산구,청운보은동산,용산구립장애인주간보호센터,"서울특별시 용산구 한강대로 331, 3층(갈월동)",02-701-4282,02-701-0253,12,11,4
10,서울,용산구,한국농아인협회,서울시농아노인지원센터,"서울특별시 용산구 한강대로21길 17-7, 2층(한강로3가)",02-2632-3372,02-2632-3384,15,15,4
11,서울,용산구,서울가톨릭사회복지회,햇빛자리,"서울특별시 용산구 백범로47길 24, 101호(효창동)",02-719-3789,02-719-3778,10,10,4
12,서울,용산구,한벗재단,한벗장애인주간보호시설,"서울특별시 용산구 효창원로69길 42-3, 2층(효창동)",02-713-5050,02-712-6093,10,10,4
13,서울,성동구,성모성심수도회,성동주간보호센터,서울시 성동구 청계천로 506,02-2290-3141,02-2290-3181,13,11,4
14,서울,성동구,재단법인 성모성심수도회,성모주간보호센터,서울시 성동구 독서당로44길 25,02-2298-1120,02-2294-1120,12,15,5
15,서울,성동구,서울장애인부모연대,함께주간보호센터,"서울특별시 성동구 왕십리로 24나길20 6층,7층",02-6949-5030,02-6949-5096,12,12,4
16,서울,광진구,한국소아마비협회,정립회관 주간보호시설,"서울특별시 광진구 워커힐로93, 본관3층",02-446-1237,02-446-2144,15,11,3
17,서울,광진구,재단법인 대한예수교장로회(고신)총회유지재단,희망의학교,"서울특별시 광진구 천호대로 622 (능동, 시민교회 5층)",02-458-5599,070-4324-5599,18,18,4
18,서울,광진구,하나인의료소비자생협,하나인장애인주간보호센터,서울시 광진구 능동로 59길14,070-7727-2858,02-498-0123,10,10,4
19,서울,광진구,대한예수교장로회고신총회유지재단,희망하우스,"서울특별시 광진구 능동로34길 102-5 202호, 204호",02-452-5599,02-2201-6262,10,10,4
20,서울,동대문구,사단법인한국장애인선교단체총연합회,아름드리주간보호센터,"서울특별시 동대문구 한천로58길 107, 1층",02-957-0058,02-957-0068,10,11,4
21,서울,중랑구,유린보은동산,원광장애인주간보호시설,"서울특별시 중랑구 신내로56, 원광장애인종합복지관 5층 주간보호시설",070-7011-6786,02-438-2695,12,12,4
22,서울,강북구,조계종사회복지재단,강북장애인종합복지관 주간보호시설,"서울특별시 강북구 오현로 187-6, 3층",070-7754-8219,02-989-4211,12,12,5
23,서울,강북구,서울시장애인부모회,한마음주간보호시설,서울시 강북구 삼양로 432 3층,02-906-5009,02-906-5082,10,12,4
24,서울,강북구,서울가톨릭사회복지회,헬렌켈러의집 주간보호시설,"서울특별시 강북구 삼양로 80길7, 3층",02-6402-1791,02-982-1792,10,11,4
25,서울,강북구,너나울,참사랑너나울주간보호센터,"서울특별시 강북구 한천로 143길 39, 1층",02-908-0688,02-900-1312,10,12,4
26,서울,강북구,너나울,참사랑너나울주간보호센터2호,"서울특별시 강북구 한천로143길 39, 2층",02-904-0688,02-903-1314,10,12,4
27,서울,강북구,희망이음커뮤니티,이음주간교육센터,"서울특별시 강북구 한천로129길 11, 1층",02-955-1991,02-3494-1991,12,10,3
28,서울,도봉구,곰두리복지재단,그린도봉주간보호센터,서울시 도봉구 도봉로575 608호,02-956-5300,02-956-5302,12,12,4
29,서울,도봉구,개인,주바라기 해피홈,서울시 도봉구 도봉로169가길45,02-3492-9135,02-3493-9135,20,17,5
30,서울,도봉구,사회복지법인 대한예수교장로회총회(합동측)복지재단,지앤지주간보호센터,서울 도봉구 삼양로574-44 2층 ,02-998-2855,02-998-2854,15,12,5
31,서울,도봉구,개인,피어라희망센터,"서울특별시 도봉구 도봉로120길 16, 1층",02-6953-2501,02-908-9109,20,18,4
32,서울,도봉구,서울시장애인부모회,도봉주간보호센터,"서울시 도봉구 도당로 53, 2층",02-3494-5663,02-6499-3494,10,10,4
33,서울,도봉구,사회복지법인 인강재단,주간보호시설 인강원,서울시 도봉구 평화로15번길 9-25,070-5126-7660,02-6944-8119,15,12,4
34,서울,노원구,한국지체장애인협회,가브리엘주간보호센터,"서울특별시 노원구 한글비석로24라길 94-13, 2층 (상계동)",02-951-9907,,10,11,3
35,서울,노원구,청운보은동산,노원1장애인주간보호센터,"서울특별시 노원구 월계로 372, 노원1종합사회복지관 2층 (월계동)",02-949-0700,02-971-5300,14,10,4
36,서울,노원구,한국시각장애노인복지협회,노원시각장애인주간보호센터,서울특별시 노원구 상계로23길 42 (상계동),02-931-0889,02-931-0804,15,15,4
37,서울,노원구,다운회,다운주간보호센터,"서울특별시 노원구 화랑로 478, 다운복지관 1층 (공릉동)",02-3296-2114,02-3296-2113,15,15,4
38,서울,노원구,동천학원,동천발달장애인주간활동센터,"서울특별시 노원구 노원로18길 41, 동천학교 1층 (하계동)",02-976-0563,02-976-0561,25,16,4
39,서울,노원구,베데스다복지재단,베데스다장애인주간보호센터,"서울특별시 노원구 공릉로58마길 27, 나눔아트센터 2층 (하계동)",02-3391-2126,02-3391-9645,15,15,4
40,서울,노원구,한국봉사회,북부종합사회복지관 장애인주간보호센터,"서울특별시 노원구 동일로245길 56, 북부종합사회복지관 2층 (상계동)",02-934-7717,02-939-0445,15,14,4
41,서울,노원구,서울가톨릭사회복지회,상계장애인주간보호센터,"서울특별시 노원구 덕릉로115나길 25, 상계종합사회복지관 3층 (상계동)",02-951-9930,02-951-9940,16,14,4
42,서울,노원구,한국지체장애인협회,섬김주간보호센터,"서울특별시 노원구 덕릉로70가길 92, 북부장애인종합복지관 3층 (상계동)",02-2092-1781,02-951-1711,12,11,4
43,서울,노원구,성민,성민장애인주간보호센터,"서울특별시 노원구 노원로 440, 순복음비전센터 4층 (상계동)",02-3391-4130,02-931-7976,14,13,4
44,서울,노원구,한국뇌성마비복지회,오뚜기뇌성마비인주간보호센터,"서울특별시 노원구 덕릉로70가길 96, 뇌성마비복지관 3층 (상계동)",02-6926-6955,02-932-4413,10,12,4
45,서울,노원구,한국봉사회,중계종합사회복지관 장애인주간보호센터,"서울특별시 노원구 덕릉로 662, 중계종합사회복지관 1층 (중계동)",02-933-0332,02-952-1132,15,15,4
46,서울,노원구,함께하는복지,평화장애인주간활동센터,"서울특별시 노원구 노원로 331, 평화종합사회복지관 3층 (중계동)",02-949-0122,02-6929-0854,15,13,4
47,서울,노원구,대한불교조계종사회복지재단,하계장애인주간활동센터,"서울특별시 노원구 노원로16길 15, 하계종합사회복지관 1층 (하계동)",02-6928-7350,02-6928-7349,16,10,4
48,서울,노원구,장애우권익문제연구소,하하센터,서울특별시 노원구 한글비석로24가길 72-20 (상계동),02-521-5471,02-6221-5471,10,8,3
49,서울,은평구,정겨우리주간보호센터,정겨우리주간보호센터,서울 은평구 갈현로11길 30,070-7113-5727,0503-8379-2033,12,11,4
50,서울,은평구,사단 서울시장애인부모회,한마음주간보호센터,서울시 은평구 연서로17길47 3층,02-353-4889,02-354-6106,10,10,4
51,서울,은평구,바오로교실,바오로교실주간보호시설,서울시 은평구 증산로5길7 3층,02-305-5180,02-375-860,11,10,4
52,서울,은평구,기원,기원주간보호센터,서울특별시 은평구 통일로 87길 6-19,02-353-1367,02-353-1368,12,11,4
53,서울,은평구,위드,위드주간보호센터,서울특별시 은평구 갈현로15길 11-13,02-385-5841,02-385-5842,13,11,4
54,서울,은평구,사랑의집,사랑의 집,서울특별시 은평구 역말로10길 30-1 1층,070-4652-6802,02-357-7878,10,13,4
55,서울,은평구,은평장애인주간보호센터,은평장애인주간보호센터,"서울특별시 은평구 진흥로 87, 2층",02-387-9227,02-6455-2187,15,12,4
56,서울,은평구,축복의통로주간보호시설,축복의통로장애인주간보호시설,서울특별시 은평구 은평로3길 10 1층,02-2640-3209,02-6940-9320,15,11,4
57,서울,서대문구,한국재활재단,서대문장애인주간보호시설,서울특별시 서대문구 북아현로 4차길  4,02-365-1262,02-365-1263,15,10,4
58,서울,서대문구,사단법인영광,영광시각장애인주간보호시설,서울특별시 서대문구 세무서 10길 54 1층,02-395-0900,02-395-0901,15,15,3
59,서울,서대문구,한국재활재단,다솜장애인주간보호시설,서울특별시 서대문구 증가로4길 53,02-372-4120,02-372-4160,15,14,4
60,서울,마포구,태화복지재단,마포장애인주간보호센터,서울특별시 서울시 마포구 성산로 4길 35 마포장애인종합복지관 3층,02-302-1066,02-302-1067,12,10,4
61,서울,마포구,기아대책,우리마포장애인주간이용센터,서울특별시 마포구 신촌로 26길 10,02-359-1000,02-703-8006,15,12,4
62,서울,마포구,사회복지법인 동화복지재단,하나렘넌트 장애인 주간보호센터,서울시 마포구 월드컵로13길 19-13 1층,02-323-1004,02-323-8100,12,12,4
63,서울,마포구,대한사회복지회 ,염리장애인주간보호센터,"서울특별시 마포구 대흥로 24길 50, 2층",02-3276-1860,02-713-7702,12,9,4
64,서울,양천구,복지동행사회적협동조합,신목장애인주간보호시설,서울특별시 양천구 신목로 5,02-2643-6684,02-2643-7224,20,17,5
65,서울,양천구,서울지적발달장애인복지협회 양천구지부,하은장애인주간보호시설,서울특별시 양천구 목동동로 10길 16-15 4층,02-2654-0562,02-2654-0564,10,11,4
66,서울,양천구,서울가톨릭법인,한빛장애인주간보호센터,서울특별시 양천구 신월로11길16,02-2693-9411,02-2694-1335,13,13,4
67,서울,양천구,기독대학인회,베다니주간보호센터,"서울특별시 양천구 남부순환로65길 12-2, 1층",02-2692-5081,02-2692-9237,10,9,4
68,서울,양천구,맑은샘 법인,맑은샘 주간보호센터,서울특별시 양천구 신월로 192 2층,02-2662-2448,02-3662-2448,12,10,4
69,서울,양천구,하울회,양천희망돌봄센터,"서울특별시 양천구 가로공원로 101, 2층",02-2135-1970,0303-3447-1970,10,10,3
70,서울,강서구,한국뇌성마비복지회,강서뇌성마비주간보호센터,"방화대로45길 69, 2층",02-2662-3491,02-2662-2700,12,11,4
71,서울,강서구,기쁜우리 월드,기쁜우리복지관부설 주간보호센터,서울특별시 강서구 허준로 65,02-3665-3831,02-3665-3292,20,16,4
72,서울,강서구,서울가톨릭사회복지회,꿈자람터,서울특별시 공항대로43길 104,02-2658-6594,02-6951-3764,10,11,4
73,서울,강서구,교남재단,늘푸른마을,"서울특별시 까치산로 73, 6층(화곡동)",02-2697-3880,02-6346-6416,10,15,4
74,서울,강서구,KCU로뎀복지회,로뎀나무,"서울특별시 까치산로18나길 36, 1층",02-2065-0993,02-2065-9287,10,10,4
75,서울,강서구,푸른초장복지,성산푸른초장 주간보호,"서울특별시 양천로30길 14, 3층",02-2665-7273,02-2665-7274,15,11,4
76,서울,강서구,대한예수교장로회총회연합회,우리집 주간보호시설,서울특별시 양천로47길 70-6 / 4층,02-2658-7556,02-2658-7553,10,11,4
77,서울,강서구,여성자원금고,파랑새교육원,"서울특별시 까치산로 134,2층",02-2692-2614,02-2692-2618,10,10,3
78,서울,강서구,서울기독교청년회유지재단,햇볕교실,서울특별시 개화동로21길 4,02-2663-0670,02-2261-0674,12,12,4
79,서울,강서구,한국뇌성마비복지회,40+금곡행복쉼터(미지원),"서울특별시 방화대로45길 69, 6층",070-7576-2706,070-7580-2700,10,10,3
80,서울,구로구,한국척추측만증재단,민들레쉼터장애인주간보호시설,"서울시 구로구 가마산로 231, 5동 101호",02-861-1472,02-861-1471,10,5,3
81,서울,구로구,동광복지재단,양지골장애인주간보호시설,"서울시 구로구 구로중앙로28길 62, 5층",02-859-7732,02-859-7734,12,12,4
82,서울,구로구,하울회,하늘아래주간보호시설,서울특별시 구로구 경인로 23길 8- 301호,070-4240-1046,02-2179-8199,12,12,4
83,서울,구로구,한국지적발달장애인복지협회 서울시협회,예은장애인주간보호시설,서울특별시 구로구 부일로 15길 25-5 금강빌딩4층,02-2616-4282,02-2616-4284,10,10,4
84,서울,구로구,성프란치스꼬수녀회,햇살터,서울특별시 구로구 남부순환로 105라길 25-10 3층 ,02-4423-6140,02-830-1544,12,12,4
85,서울,금천구,사회복지법인 상금,금천발달장애인주간보호센터,"서울특별시 금천구 시흥대로73길 30, 4층 (시흥동, 금천어울림복지센터)",02-6956-3422,,15,10,4
86,서울,금천구,한국재활재단,하누리주간보호센터,서울특별시 금천구 시흥대로2길 57(시흥동),02-802-8024,,15,13,4
87,서울,금천구,혜명복지원,장애인주간보호센터청락원,서울특별시 금천구 금하로29길 36(시흥동),02-806-1374,,16,16,4
88,서울,금천구,개인,볕바라기주간보호센터,서울특별시 금천구 금하로18길 8-1(시흥동),02-866-1314,02-866-1315,10,10,3
89,서울,영등포구,한국지적발달장애인복지협회영등포구지부,새생명장애인주간보호소,서울시 영등포구 도림로 310-1 신이빌딩 3층,02-848-6970,02-848-6999,14,18,4
90,서울,영등포구,한국장애인부모회,영등포구주간보호센터,"서울특별시 영등포구 신길로55, 3층",02-848-2902,02-848-2904,14,11,4
91,서울,영등포구,한국장로교복지재단,모랫말꿈터,서울 영등포구 도영로 37 사회봉사관 3층,02-2181-6120,02-2181-6123,20,16,4
92,서울,영등포구,굿피플우리복지재단,꿈친장애인주간보호센터,서울시 영등포구 은행로55 영산복지센터 1층,02-6181-7536,02-6181-7538,10,10,3
93,서울,영등포구,장애인체육문화연구원,성락주간보호,서울특별시 영등포구 도림로 304 성경학교 2층,02-849-8292,02-849-8293,15,15,4
94,서울,동작구,서울가톨릭사회복지회,사랑손주간보호센터 ,서울특별시 동작구 사당로 90 사랑손동 B1 ,02-525-9010,02-525-9220,10,10,4
95,서울,동작구,사회복지법인SRC,서울남부주간보호센터,서울특별시 동작구 여의대방로20나길 40 ,02-829-7155,02-829-7180,15,13,3
96,서울,동작구,한국지적발달장애인복지협회,보라매주간보호센터,서울특별시 동작구 여의대방로20나길 39,02-840-1590,02-840-1569,10,11,4
97,서울,동작구,한국지적발달장애인복지협회 서울시동작구지부,디딤돌주간보호센터,"서울특별시 동작구 대방동7길57, 1층",02-825-0331,02-826-0331,13,13,3
98,서울,관악구,갑을복지재단,갑을장애인주간보호센터,서울특별시 관악구 난우 16길 13-7 2층,02-6414-8586,02-6414-0014,15,10,4
99,서울,관악구,사회복지법인대한예수교장로회실로암시각장애인복지회,실로암주간보호센터,"서울시 관악구 조원로 127-2, 301호",02-875-2235,02-887-1120,11,11,4
100,서울,관악구,세석밀알,관악밀알주간보호센터,서울특별시 관악구 신림로 58길 8,02-888-4815,070-4878-9189,10,10,3
101,서울,관악구,꿈꾸는 교회,꿈터장애인주간보호센터,서울특별시 관악구 쑥고개로13길 24,02-3285-1968,02-3285-1962,15,12,4
102,서울,관악구,꿈꾸는 교회,꿈터2장애인주간보호센터,서울특별시 관악구 쑥고개로13길 22,02-877-1968,02-878-1966,13,11,4
103,서울,서초구,사회복지법인 서울가톨릭사회복지회,서리풀주간이용센터,서울특별시 서초구 남부순환로340길 15 한우리정보문화센터 2층,070-7209-2940,02-2055-2727,11,11,5
104,서울,서초구,사회복지법인 다니엘,다니엘주간보호센터,서울특별시 서초구 헌릉로468길 21-16,02-445-9630,02-445-8063,10,12,4
105,서울,서초구,사회복지법인 다니엘,다니엘사랑이용센터,서울특별시 서초구 헌릉로 4689길 21-16 다니엘복지원동 b1,02-525-2536,02-525-2537,10,11,4
106,서울,서초구,재단법인 까리따스수녀회유지재단,까리따스장애인주간보호센터,서울시 서초구 남부순환로 2124,02-522-3034,02-522-7004,12,12,4
107,서울,서초구,사회복지법인 서울가톨릭사회복지회,서초구립주간이용센터,"서울 서초구 남부순환로 340길 15, 3층",02-2055-0917,02-2055-2727,12,12,4
108,서울,서초구,사랑의복지재단,하늘동산,"서울특별시 서초구 강남대로65길19, 5층",02-592-7731,070-4009-0146,12,12,4
109,서울,서초구,사회복지법인 대한불교천태종복지재단,바우뫼주간보호센터,"서울특별시 서초구 바우뫼로 43, 1층",02-577-7851,02-577-5869,10,10,4
110,서울,서초구,서울시지적발달장애인복지협회 서초구지부,성민드림주간보호센터,"서울특별시 서초구 효령로 26길 9-9, 2층",02-3487-4879,02-3487-4880,12,12,4
111,서울,강남구,광림,광림주간보호센터,"서울특별시 강남구 압구정로22길 21, 2층",02-2056-5676,02-3442-3030,12,10,4
112,서울,강남구,광림,예수와주간보호센터,"서울특별시 강남구 압구정로22길 21, 1층",02-549-7766,02-3442-3030,12,10,4
113,서울,강남구,하상복지재단,하상주간보호센터,서울특별시 강남구 개포로613,02-560-4215,02-459-4377,12,10,4
114,서울,강남구,서울장애인부모연대,역삼주간보호센터,서울특별시 강남구 테헤란로8길 36,02-518-2270,02-557-2270,15,12,4
115,서울,강남구,밀알복지재단,강남세움주간보호센터,"서울특별시 강남구 광평로60길 22, 2층",02-2184-8769,02-2184-8770,12,12,4
116,서울,강남구,자애종합복지원,성모자애주간보호시설,서울특별시 강남구 헌릉로 757길 35,02-3410-8821,02-3411-9584,15,15,4
117,서울,강남구,자애종합복지원,성모자애제2주간보호시설,서울특별시 강남구 헌릉로 757길 35,02-3410-8821,02-3411-9584,13,13,4
118,서울,강남구,밀알복지재단,해마을주간보호센터,서울특별시 강남구 개포로 617-8,02-3412-7747,02-6499-2026,10,10,4
119,서울,강남구,말아톤복지재단,서울영동주간보호센터,서울특별시 강남구 논현로 132길 20,02-6925-3830,070-8224-3507,12,12,5
120,서울,송파구,사회복지법인 렘넌트,렘넌트주간보호,"서울특별시 송파구 동남로 303-8, 3층",02-951-9904,070-7159-1521,10,11,4
121,서울,송파구,한국장애인부모회 송파지부,마라주간보호,"서울시 송파구 송이로34길 43-1, 3층",02-3401-6008,02-448-6409,10,10,4
122,서울,송파구,무지개동산,무지개동산주간보호,서울시 송파구 성내천로22길 16 2층,02-448-6620,02-448-7788,10,10,3
123,서울,송파구,장애인체육문화연구원,사랑나눔주간보호,서울시 송파구 마천로51길 28- 3층,02-400-8460,02-409-8460,13,11,4
124,서울,송파구,신원복지재단,참사랑주간보호,"서울시 송파구 마천로 89, 별관 311호",02-401-7737,02-6442-7738,10,11,4
125,서울,송파구,말아톤복지재단,하사랑주간보호,"서울특별시 송파구 올림픽로35길 124, 501호(장미A상가, 신천동)",02-421-2016,02-421-2015,10,11,4
126,서울,송파구,사단법인서로사랑,행복주간보호,"서울시 송파구 마천로 89, 별관 4층",02-430-8003,02-6442-8002,10,11,4
127,서울,송파구,함께,행복한사랑주간보호,"서울시 송파구 오금로 548, 1층",02-400-5090,02-400-5181,11,12,3
128,서울,송파구,장애인체육문화연구원,THE채움주간보호,"서울특별시 송파구 위례광장로 188,916호 ",02-2043-8460,02-2179-8021,10,10,4
129,서울,송파구,승가원,삼전주간보호,"서울특별시 송파구 백제고분로32길 35, 3층",02-421-6077,02-421-6079,15,7,1
130,서울,강동구,한국장애인부모회 강동구지부,아이비주간보호시설,"서울특별시 강동구 구천면로39길12, 2층",02-474-3825,02-474-3822,20,12,5
131,서울,강동구,우성재단,해피죤 주간보호센터,서울시 강동구 상암로195 에이플러스빌딩 502호,02-429-5200,02-429-0052,15,11,4
132,서울,강동구,한국지적발달장애인복지협회 강동구지부,메타아카데미주간보호센터,"서울특별시 강동구 양재대로 121길 25, 202호",02-471-4032,02-486-4032,10,10,3
133,서울,강동구,동안복지재단,동안우리주간보호센터,서울시 강동구 풍성로 146 4층,02-3401-4163,070-8224-5995,10,11,4
134,서울,강동구,홀트아동복지회,홀트주간보호센터,서울특별시 강동구 아리수로93길 41,02-2251-6125,02-2251-6188,10,10,4
135,부산,강서구,호산나복지재단,호산나장애인주간보호센터,부산광역시 강서구 낙동남로 611-3(녹산동),051-941-9190,051-941-9193,12,11,3
136,부산,강서구,개인,해솔장애인주간보호센터,"부산광역시 강서구 명지국제8로10번길 12, 504호(명지동)",051-991-9700,051-991-9701,12,11,3
137,부산,금정구,선아원,이룸장애인주간보호센터,부산광역시 금정구 금샘로 39(장전동),051-514-2842,051-514-2841,15,15,3
138,부산,금정구,부산광역시 금정구장애인협회,금정구장애인복지관 장애인주간보호시설,부산광역시 금정구 서부로 77(서동),051-523-0100,051-523-0024,18,18,3
139,부산,금정구,개인,루하마장애인주간보호센터,부산광역시 금정구 두실로 23(구서동),051-581-0641,051-581-0642,15,12,4
140,부산,기장군,한성복지재단,기장장애인복지관부설주간보호센터,부산광역시 기장군 정관읍 병산로 42-15,051-727-3088,051-727-3090,15,15,3
141,부산,기장군,채움장애복지재단,교리장애인주간보호센터,부산광역시 기장군 기장읍 차성로451번길 46-13,051-724-0919,051-724-0903,15,13,4
142,부산,남구,아띠,아띠 장애인주간보호센터,부산광역시 남구 석포로127번길 97(대연동),051-625-9308,070-8255-9308,20,17,4
143,부산,남구,나사함복지재단,나사함 주간보호센터,"부산광역시 남구 못골번영로 70, 3층(대연동)",051-623-8522,051-627-8521,15,14,3
144,부산,남구,소망재활센터,솔라피데주간보호센터,부산광역시 남구 진남로 160-20(대연동),051-628-8048,051-628-8045,15,12,4
145,부산,남구,부산광역시 남구장애인협회,남구장애인복지관 주간보호센터,부산광역시 남구 조각공원로11번길 38(대연동),070-4648-9304,070-4648-9336,19,15,3
146,부산,남구,비영리민간단체 열린문화공동체 딱,꿈터장애인주간보호센터,부산광역시 남구 진남로96번나길 17-1(대연동),051-643-0338,051-636-0338,13,12,5
147,부산,동구,한결재단,동구장애인주간보호센터,부산광역시 동구 안창로 57(범일동) ,070-4437-0803,051-631-3991,12,12,3
148,부산,동구,큰빛,큰빛장애인주간보호센터,부산광역시 동구 초량중로 27(초량동),051-464-3909,051-466-3320,10,29,3
149,부산,동구,동백,동백복지주간보호센터,"부산광역시 동구 중앙대로236번길 13-5,403호(초량동,화랑빌딩)",051-466-7706,051-463-6566,20,50,3
150,부산,동구,한국시각장애인연합회 부산광역시지부,부산시각장애인주간보호센터,부산광역시 동구 중앙대로320번길 4(초량동),051-462-3292,051-462-3290,12,51,3
151,부산,동구,행복한오늘,행복한 장애인주간보호센터,부산광역시 동구 망양로 748(수정동),051-469-9756,0303-3261-0022,12,10,3
152,부산,동구,동림복지회,동림 장애인 주간보호센터,"부산광역시 동구 중앙대로 509-1, 5층(범일동)",051-469-1255,051-467-1255,20,13,4
153,부산,동래구,양덕사회문화원,징검다리주간보호센터,부산광역시 동래구 시실로107번길 151(명장동),051-529-2430,051-524-2107,21,20,4
154,부산,동래구,부산지적발달장애인복지협회,다솜주간보호센터,"부산광역시 동래구 시실로167번길 64, 2층(명장동)",051-528-5024,051-528-5022,16,16,4
155,부산,동래구,박영학원,사직장애인주간보호센터,"부산광역시 동래구 사직북로63번길 20-7, 3층(사직동)",051-506-3418,051-506-3420,18,17,3
156,부산,동래구,한결재단,늘사랑장애인주간보호센터,부산광역시 동래구 충렬대로 386(안락동),051-522-1650,051-522-1654,12,12,3
157,부산,부산진구,부산광역시장애인부모회,참사랑장애인주간보호센터,"부산광역시 부산진구 가야대로454번길 16, 2층(개금동)",051-892-2005,051-892-2033,15,15,4
158,부산,부산진구,YWCA복지사업단,나래울장애인주간보호센타,부산광역시 부산진구 복지로 117-12(개금동),051-893-0035,051-893-0037,20,17,3
159,부산,부산진구,불국토,개금장애인주간보호센터,부산광역시 부산진구 백양관문로77번길 140(개금동),051-893-5034,051-896-6959,15,14,2
160,부산,부산진구,한국농아인협회,부산데프장애인주간보호센터,"부산광역시 부산진구 새싹로52번길 39, 5층(부전동)",051-819-7715,051-819-7716,20,17,3
161,부산,부산진구,소망재활센터,이레주간보호센터,"부산광역시 부산진구 시민공원로19번길 32-8, 101호(부암동,실로빌딩)",051-819-7784,051-819-7785,16,14,4
162,부산,북구,한국시각장애인연합회 부산지부,부산시각장애인복지관 부설 주간보호센터,부산광역시 북구 시랑로132번길 38(구포동),051-338-1494,051-341-1346,12,35,2
163,부산,북구,한국뇌성마비복지회 부산울산경남지회,부산뇌병변복지관 부설 주간보호센터,부산광역시 북구 학사로 246(금곡동),051-332-5005,051-333-0297,20,11,4
164,부산,북구,로뎀복지재단,만덕장애인주간보호센터,부산광역시 북구 함박봉로140번길 102(만덕동),051-332-8004,051-332-8884,15,15,3
165,부산,북구,부산광역시 북구장애인협회,북구장애인종합복지관 주간보호센터,부산광역시 북구 금곡대로616번길 145(금곡동),051-365-1462,051-363-4477,15,15,2
166,부산,북구,한국뇌성마비복지회 부산울산경남지회,부산뇌병변복지관부설 CCI 마실 장애인주간보호센터,"부산광역시 북구 금곡대로285번길 46, 603호(화명동)",051-711-9036,051-711-9035,15,10,4
167,부산,사상구,주는사랑복지재단,부산광역시사상구장애인복지관부설주간보호센터,부산광역시 사상구 모라로192번길 21(모라동),051-986-4030,051-302-5524,14,14,3
168,부산,사상구,개인,체리동산주간보호센터,부산광역시 사상구 가야대로366번길 107(주례동),051-314-7007,051-326-7008,15,11,3
169,부산,사상구,선우,들꽃주간보호센터,부산광역시 사상구 사상로342번길 40-6(덕포동),051-301-6013,051-301-6014,15,13,4
170,부산,사상구,개인,반딧불이장애인주간보호센터,부산광역시 사상구 주례로 135(주례동),051-322-0061,051-322-0016,15,11,4
171,부산,사상구,개인,예원주간보호센터,"부산광역시 사상구 사상로 84-8, 1층(감전동)",051-313-6885,051-313-6883,15,12,3
172,부산,사하구,부산광역시 사하구장애인협회,장애인복지관 부설 주간보호센터,부산광역시 사하구 사하로68번길 65(구평동),051-261-8701,051-261-1267,12,10,3
173,부산,사하구,개인,행복나눔장애인주간보호센터,"부산광역시 사하구 윤공단로 53, 2층(다대동)",051-241-1365,051-902-2622,16,10,4
174,부산,사하구,개인,해온장애인주간보호센터,부산광역시 사하구 감천로139번길 49(감천동),051-201-0283,051-262-7350,15,15,4
175,부산,사하구,개인,가온누리 장애인주간보호센터,부산광역시 사하구 윤공단로 35-4(다대동),051-261-5966,051-261-5967,13,12,4
176,부산,사하구,호산나복지재단,꿈마루 장애인 주간보호센터,"부산광역시 사하구 낙동남로1405번길 26, 7층(하단동)",051-710-7371,051-710-7372,12,11,3
177,부산,사하구,개인,연우장애인주간보호센터,"부산광역시 사하구 다대로 413-1, 1층(다대동)",051-265-2538,051-262-2538,12,10,3
178,부산,사하구,더사랑,더사랑장애인주간보호센터,"부산광역시 사하구 윤공단로 53, 1층(다대동)",051-714-1293,051-293-2006,12,11,3
179,부산,서구,로사리오 카리타스,서구장애인주간보호센터,부산광역시 서구 망양로193번길 104(동대신동1가),051-253-1986,051-905-5560,15,14,3
180,부산,서구,부산광역시 서구장애인협회,서구장애인복지관 주간보호센터,부산광역시 서구 보수대로154번길 36(동대신동1가),070-8915-3947,070-7007-8989,20,16,3
181,부산,수영구,로사리오 카리타스,부산가톨릭농아인복지회 주간보호시설,부산광역시 수영구 광일로29번길 59(광안동),051-751-8693,051-753-8654,16,14,3
182,부산,수영구,로사사회봉사회,참누리 장애인주간보호시설,부산광역시 수영구 금련로43번길 54(망미동),051-755-3476,051-755-2268,18,15,3
183,부산,수영구,부산장애인부모회,지니장애인주간보호센터,부산광역시 수영구 연수로269번길 11(망미동),051-756-2332,051-756-2355,15,9,3
184,부산,수영구,개인,두드림주간보호센터,"부산광역시 수영구 망미번영로63번길 60, 1층(망미동)",051-756-0269,051-754-0269,15,15,4
185,부산,수영구,부산광역시 수영구장애인협회,수영구장애인주간보호센터,부산광역시 수영구 광남로 218-4(민락동),051-756-1595,051-757-0486,15,12,4
186,부산,수영구,한국뇌성마비 복지회 부산울산경남지사,해찬장애인주간보호센터,"부산광역시 수영구 망미로28번길 39, 102호(망미동, 성우빌라)",051-711-4255,051-761-5154,12,12,3
187,부산,연제구,부산장애인부모회,희망학교장애인주간보호센터,부산광역시 연제구 중앙천로73번길 15(연산동),051-864-3927,051-710-6120,15,10,3
188,부산,연제구,내원,부산광역시장애인종합복지관 주간보호센터,"부산광역시 연제구 중앙대로1150번길 15, 3층(연산동)",051-790-6156,051-868-3518,17,16,3
189,부산,영도구,남광사회복지회,어울림장애인주간보호센터,부산광역시 영도구 함지로79번길 76(동삼동),051-403-4200,051-404-6033,12,11,2
190,부산,영도구,대한예수교장로회총회 고려학원,해냄장애인주간보호센터,부산광역시 영도구 산정길 138(신선동3가),051-413-4661,051-413-6135,18,16,3
191,부산,영도구,한국재활재단,상리장애인주간보호센터,부산광역시 영도구 상리로 63-16(동삼동),051-404-5797,051-404-5062,15,12,2
192,부산,영도구,렘넌트,임마누엘장애인주간보호센터,"부산광역시 영도구 절영로490번길 55, 106호(동삼동,한창주택)",070-7206-4377,070-7159-1508,10,9,2
193,부산,영도구,대한예수교장로회총회 고려학원,영도장애인복지관 장애인주간보호센터,부산광역시 영도구 함지로79번길 6(동삼동),051-403-6060,051-403-6400,11,11,3
194,부산,중구,로사리오 카리타스,중구장애아동주간보호센터,부산광역시 중구 망양로 309(대청동4가),051-441-9224,051-468-1544,10,10,3
195,부산,중구,빛과소금복지재단,중구장애인주간보호시설,부산광역시 중구 초량상로5번길 20(영주동),051-466-9887,051-466-9886,10,8,3
196,부산,해운대구,부산YMCA,반송장애인 주간보호센터,부산광역시 해운대구 아랫반송로1번길 15(반송동),051-544-8050,051-544-3813,15,13,3
197,부산,해운대구,한결재단,반여장애인주간보호시설,부산광역시 해운대구 재반로226번길 13-73(반여동),051-784-0553,051-784-0556,20,17,3
198,부산,해운대구,홀트아동복지회,운봉장애인주간보호센터,부산광역시 해운대구 신반송로 200(반송동),051-543-3281,051-543-3282,15,14,4
199,부산,해운대구,장산복지,장산장애인주간보호센터,"부산광역시 해운대구 세실로27번길 19, 9층 (좌동) ",051-703-1668,,20,16,4
200,부산,해운대구,장산길,장산길장애인주간보호센터,"부산광역시 해운대구 신반송로 138-2, 201호(반송동)",051-545-4480,070-7543-7555,15,11,3
201,부산,해운대구,대성원,대성원(대성장애인주간보호센터),"부산광역시 해운대구 반여로55번길 35-55, 201호(반여동)",051-523-0028,070-8787-8822,20,11,3
202,대구,중구,대구남산복지재단,중구장애인주간보호센터,"대구광역시 중구 명륜로24길 9, 1층",053-425-7973,053-425-7973,12,12,3
203,대구,중구,대구서문복지재단,서문장애인주간보호센터,"대구광역시 중구 달성공원로 4길 30, 2층",053-554-1157,053-554-1140,15,15,3
204,대구,중구,대구서문복지재단,사랑장애인주간보호센터,"대구광역시 중구 달성공원로 4길 30, 3층",053-554-1136,053-554-1140,15,14,3
205,대구,중구,대구서문복지재단,샬롬장애인주간보호센터,"대구광역시 중구 명륜로21길 2, 4층",053-257-3800,053-257-3535,15,12,3
206,대구,중구,대구가톨릭사회복지회,카리타스시각장애인주간보호센터,대구광역시 중구 재마루1길 9-16,053-256-1120,053-257-1130,12,12,3
207,대구,동구,더불어복지재단,더불어장애인주간보호,대구시 동구 갓바위로35-7,053-982-0109,053-982-0209,21,21,4
208,대구,동구,한국SOS어린이마을,SOS복지센터,대구시 동구 해동로 219,053-985-3217,053-986-3215,25,25,5
209,대구,동구,아시아복지재단,동촌장애인주간보호센터,대구광역시 동구 입석로 5,053-983-8222,053-986-1100,20,21,4
210,대구,동구,사회복지법인 한사랑,한사랑주간보호센터,"대구광역시 동구 율하동로28길 30-1, 3층",053-943-0442,053-943-0447,20,20,4
211,대구,동구,한국운동재활복지협회,동구장애인사회재활센터,대구시 동구 안심로22길 40,053-962-7976,053-965-7670,15,13,3
212,대구,동구,사회복지법인 한사랑,마실주간보호센터,대구광역시 동구 율하동로28길 30-1,053-710-5570,053-710-5571,15,13,4
213,대구,동구,장애인지역공동체,여기서 함께 센터,대구광역시 동구 동내로 21 SH빌딩 2층,053-217-9460,053-217-9461,15,10,5
214,대구,동구,청암재단,청암 낮생활지원센터,"대구광역시 동구 반야월로 271-47 1,2층",053-965-0724,053-965-0722,12,9,7
215,대구,서구,대구광역시장애인재활협회,서구장애인주간보호센터,대구 달서로 27길 5 ,053-561-8166,053-262-8166,15,15,3
216,대구,서구,예천연꽃마을,서대구주간보호센터,"대구 서구 통학로 175-6, 3층",053-521-8808,053-562-9933,15,15,3
217,대구,서구,대구지적발달장애인복지협회,은동이장애인주간보호센터,대구 서구 국채보상로 56길 7,053-524-9977,053-524-9978,15,16,4
218,대구,남구,더불어복지재단,더불어남구장애인주간보호,대구광역시 남구 명덕로14길 68,053-651-4867,053-651-4869,21,21,4
219,대구,남구,대구광역시장애인부모회,남구장애인주간보호센터,대구광역시남구양지로65,053-621-2613,053-621-0086,12,10,3
220,대구,남구,밀알공동체,밀알장애인주간보호센터,대구광역시 남구 성당로 60길 15,053-623-0675,053-623-0674,15,15,4
221,대구,남구,꿈터사람들,꿈터장애인주간보호센터,대구시 남구 현충로 19길 29,053-623-8200,053-626-8201,9,9,3
222,대구,남구,보경복지재단,보경주간보호센터,대구광역시 남구 대봉로 109,053-218-4172,053-218-4170,15,15,3
223,대구,남구,보경복지재단,대명주간보호센터,대구광역시 남구 현충로236- 동호빌딩4층,053-248-4172,053-247-4170,20,20,3
224,대구,남구,사단법인대구광역시시각장애인연합회,대구광역시시각장애인주간보호센터,"대구광역시 남구 현충로206, 4층 5층",053-428-4466,053-428-4467,50,49,5
225,대구,북구,상록뇌성마비복지회,상록주간보호센터,"대구 북구 산격로 31-1, 1층",053-249-0965,053-954-7917,15,11,3
226,대구,북구,해인복지재단,강북장애인주간보호센터,대구광역시 북구 구암로60길 46-17,053-311-3430,053-323-3431,20,11,3
227,대구,북구,대구희망복지재단,희망장애인주간보호센터,"대구광역시 북구 칠곡중앙대로 254,4층",053-214-8100,053-214-8111,20,17,3
228,대구,북구,대구생명의전화,보담장애인주간보호센터,대구 북구 연암로 183,053-384-9197,053-381-9198,15,15,3
229,대구,북구,대구시행복진흥사회서비스원,북구장애인주간보호센터,"대구광역시 북구 칠곡중앙대로 473, 3층",053-321-3650,070-4324-2298,20,15,3
230,대구,북구,대구광역시행복진흥사회서비스원,읍내장애인주간보호센터,"대구광역시 북구 칠곡중앙대로 450, 401호",053-314-7927,070-7209-7902,20,13,3
231,대구,북구,대구지적발달장애인복지협회,푸른교실장애인주간보호센터,"대구시 북구 한강로8길 19, 302호",053-421-1142,053-421-1145,15,13,3
232,대구,수성구,국제라이온스협회356-A(대구)지구,대구장애인종합복지관 부설 주간보호센터,대구광역시 수성구 파동로51길 26-17,053-763-1011,053-762-0040,15,13,3
233,대구,수성구,아시아복지재단,아시아재활교육센터,"대구 수성구 노변공원로 49-1, 3층",053-791-1121,053-793-9414,15,14,3
234,대구,수성구,사단법인 한국지적발달장애인복지협회,시지장애인주간보호센터,대구광역시 수성구 달구벌대로 650길 97-4 1층,053-795-7780,053-795-7781,16,16,4
235,대구,수성구,화니재단,화니장애인주간보호센터,대구광역시 수성구 달구벌대로511길 34,053-744-8532,053-745-8532,15,14,3
236,대구,수성구,늘푸른행복마을,범물장애인주간보호센터,대구광역시 수성구 범안로16길 41,053-782-5395,053-782-5396,20,18,6
237,대구,수성구,아시아복지재단,황금장애인주간보호센터,대구광역시 수성구 청수로 45길 41,053-762-1251,053-762-1252,18,16,3
238,대구,수성구,대구광역시지적장애인복지협회 달서구지부,한울장애인주간보호센터,대구광역시 수성구 들안로 150,053-742-3217,053-752-2272,20,18,4
239,대구,수성구,한국뇌성마비복지회 대구경북지회,수성장애인주간보호센터,대구시 수성구 만촌로41길 20-1,053-753-0086,053-753-0258,15,10,3
240,대구,달서구,전석복지제단,달서구성서장애인주간보호센터,대구광역시 달서구 신당로 56(3층),053-583-1844,070-7893-6899,15,15,3
241,대구,달서구,대구지적발달장애인복지협회 달서구지부,예은장애인주간보호센터,대구광역시 달서구 월배로 68안길 7,053-526-9913,053-655-5808,15,15,4
242,대구,달서구,대구희망복지재단,나누리장애인주간보호센터,대구광역시 달서구 성서로72길 53-8,053-582-0130,053-582-0139,16,15,4
243,대구,달서구,대구가톨릭사회복지회,달서구상인장애인주간보호센터,대구광역시 달서구 상화로 371 지하1층,053-641-1153,053-641-1158,15,14,3
244,대구,달서구,창도복지재단,마루주간보호센터,대구광역시 달서구 대명천로16길 33,053-655-1578,,12,11,3
245,대구,달서구,대구지적발달장애인복지협회,백향목장애인주간보호센터,대구광역시 달서구 월배로85길 23,053-651-0191,053-651-0192,15,15,3
246,대구,달서구,대구광역시장애인재활협회,달서구장애인주간단기보호센터,대구광역시 달서구 야외음악당로47길 146,053-628-2562,053-214-2562,12,12,3
247,대구,달서구,한국지체장애인협회 대구광역시협회,대구광역시달구벌종합복지관 부설 주간보호센터,대구광역시 달서구 달구벌대로 291길 100 (용산동),053-527-0223,053-527-0229,12,12,3
248,대구,달서구,대구광역시시각장애인연합회,대구시각장애인복지관 주간보호센터,대구광역시 달서구 달구벌대로 291길 100(용산동),053-526-9988,053-568-9001,15,15,3
249,대구,달서구,한국농아인협회,대구광역시청각언어장애인복지관 부설 주간보호센터,대구광역시 달서구 달구벌대로 291길 100(용산동),053-527-0350,053-527-0353,15,15,3
250,대구,달성군,한국지체장애인협회 대구달성군지회,달성군장애인복지관 부설 주간보호센터,대구시 달성군 논공읍 논공로 242,070-8686-0280,053-616-0263,20,20,5
251,대구,달성군,덕수복지재단,사랑마을,대구 달성군 다사읍 달구벌대로126길 14-14,053-593-2088,053-593-2086,20,19,7
252,대구,달성군,한국지적발달장애인복지협회,금동원주간보호센터,대구시 달성군 화원읍 비슬로 528길 4,053-644-2356,053-644-2357,15,14,3
253,인천,강화군,대한불교조계종사회복지재단,강화군장애인복지관주간보호시설,인천광역시 강화군 강화읍 충렬사로63,032-934-8464,032-934-8082,15,14,4
254,인천,강화군,대한성공회서울교구,마리아장애인주간보호센터,인천광역시 강화군 길상면 해란길61,032-937-9075,032-937-9078,15,12,5
255,인천,중구,사회복지법인 미선,중구장애인주간보호센터,인천광역시 중구 매소홀로 10 1층,032-880-2471,032-891-0533,12,12,5
256,인천,중구,인천장애인부모회중구지부,영종장애인주간보호센터,인천광역시 중구 영종해안북로1000-26- 2층(하늘문화센터 복지동),032-747-0421,070-4101-0422,16,16,5
257,인천,중구,한국지적장애인복지협회 인천 중구지부,무지개주간보호센터,인천광역시 중구 우현로 62번길 38-3,032-762-3340,032-762-3305,16,11,4
258,인천,동구,한원복지재단,동구장애인주간보호센터,인천광역시 동구 만석로 53,032-724-9501,032-724-9570,12,11,5
259,인천,미추홀구,대한성공회유지재단,인천미추홀장애인종합복지관주간보호센터,인천광역시 미추홀구 경원대로 714,032-426-1382,032-426-1386,12,12,4
260,인천,미추홀구,인천광역시시각장애인복지연합회,인천광역시시각장애인주간보호센터,인천광역시 미추홀구 한나루로 357번길 105-19,032-876-3500,032-876-6633,15,15,4
261,인천,미추홀구,대한불교조계종사회복지재단,미추홀장애주간보호센터,인천광역시 미추홀구 염창로97,070-5020-5827,050-7711-9372,15,10,3
262,인천,미추홀구,함께 걷는 길벗회,징검다리주간보호센터 ,인천광역시 미추홀구 석정로 102번길 11,032-886-6674,032-886-6683,20,16,6
263,인천,미추홀구,한국신장장애인협회 인천협회,인천신장장애인주간보호센터,"인천광역시 미추홀구 미추홀대로716,207(메인프라자)",032-868-8806,032-874-8806,15,15,3
264,인천,미추홀구,기독교국제선교협회,늘푸른샘(장애인주간보호시설),인천광역시 미추홀구 인하로405번길 7(관교동),032-427-6929,032-425-6996,20,20,6
265,인천,미추홀구,동그라미,미추홀동그라미주간보호센터,"인천광역시 미추홀구 석정로 375번길23, 104호",032-876-7179,032-876-7178,12,10,4
266,인천,연수구,한울정신건강복지재단,해내기주간보호센터,인천광역시 연수구 앵고개로 130,070-8970-7073,032-831-2292,15,12,6
267,인천,연수구,인천장애인부모회,연수허브주간보호센터,인천광역시 연수구 선학로 14 선학아파트 단지 내,032-817-2091,032-224-2094,16,14,6
268,인천,연수구,인천장애인부모회,사랑나눔주간보호센터,인천광역시 연수구 선학로 14 시영아파트 정문상가 2층,032-818-2095,032-818-2085,15,9,4
269,인천,연수구,사회복지법인 미선,연수구장애인주간보호센터,인천광역시 연수구 청량로185번길 31 2층,032-749-6892,032-831-6897,24,23,7
270,인천,남동구,사회복지법인 인천가톨릭사회복지회,늘푸른동산,"인천광역시 남동구 담방서로 23번길 17, 3층",032-472-4031,032-472-4032,16,16,6
271,인천,남동구,사단법인 인천광역시장애인부모회,하늘고운주간보호센터,"인천광역시 남동구 경인로744(간석동, 한호빌딩)",032-508-2097,032-508-2098,12,11,4
272,인천,남동구,사회복지법인 신성재단,바다의 별,인천광역시 남동구 남촌동로16번길 15-12,032-468-4647,032-468-4648,12,12,5
273,인천,남동구,사회복지법인 신성재단,샛별장애인주간보호센터,인천광역시 남동구 남촌동로3번길14 소민빌딩3층,032-435-1147,032-435-1148,12,12,5
274,인천,남동구,사회적협동조합 동그라미,동그라미발달장애인주간보호센터,인천광역시 남동구 인주대로 819 문화빌딩 201호,032-464-7179,032-464-7178,12,12,5
275,인천,남동구,민달팽이 사회적협동조합,민달팽이 장애인주간보호센터,"인천광역시 남동구 만수서로 37번길 55, 하영빌딩 2층",032-472-0123,032-472-0021,16,16,5
276,인천,부평구,성원,성동주간보호센터,인천광역시 부평구 경인로 880,032-514-5600,032-514-5601,21,16,5
277,인천,부평구,인천광역시지적발달장애인복지협회,해늘주간보호센터,"인천광역시 부평구 화랑북로 35-4, 2층",032-506-6596,032-506-6597,16,12,4
278,인천,부평구,송암복지재단,부평장애인종합복지관 주간보호센터,인천광역시 부평구 일신로 25,032-512-9863,032-719-7863,15,10,4
279,인천,부평구,한국장애인부모회 인천지회,아카펠라주간보호센터,인천광역시 부평구 평천로 319-5 대진빌딩(현-에바다빌딩) 2층,032-517-0630,032-517-0632,15,12,5
280,인천,부평구,한국장애인부모회 인천지회,혜인주간보호센터,"인천광역시 부평구 마장로 24, 만월빌딩 3층",032-330-1307,032-330-1308,15,14,4
281,인천,부평구,사회복지법인 베데스다,부흥장애인주간보호센터,"인천광역시 부평구 부흥로334번길 37, 3층",070-7562-9125,032-232-8121,15,5,4
282,인천,부평구,주안복지재단,나래장애인주간보호센터,"인천광역시 부평구 부영로 161, 주안빌딩 501호",032-513-9300,032-513-9301,20,19,7
283,인천,부평구,한국장애인부모회 인천지회,꿈이룸주간보호센터,"인천광역시 부평구 안남로 62, 해담 3층",032-508-6974,032-508-6975,15,12,5
284,인천,계양구,노틀담수녀회,노틀담주간보호시설,인천광역시 계양구 계양산로 35번길12-37(계산2동 40번지),032-540-8916,032-541-7377,14,9,4
285,인천,계양구,노틀담수녀회,노틀담성인주간보호센터,인천광역시 계양구 계양산로 35번길12-37(계산2동 40번지),032-540-8974,032-541-7377,16,12,4
286,인천,계양구,한국장애인부모회(계양지부),사랑터장애인주간보호센터,"인천광역시 계양구 장제로708, 5층 509호(작전동, 한샘프라자)",032-546-4800,032-546-3200,16,15,6
287,인천,계양구,전국장애인부모연대 (인천지부),해도두리주간보호센터,"인천광역시 계양구 장제로708, 4층 401호(작전동, 한샘프라자)",032-542-1287,032-543-1289,12,12,5
288,인천,계양구,예원,예원주간보호센터,"인천광역시 계양구 효서로 92, 1층(효성동)",032-553-1220,032-553-1223,16,10,6
289,인천,계양구,한국장애인부모회(계양지부),더행복한장애인주간보호센터,"인천광역시 계양구 아나지로 198번길 10,302호(효성동,골드프라자)",070-4111-7393,032-541-7392,12,12,5
290,인천,서구,기독교대한감리회 사회복지재단,서구장애인주간보호센터,인천광역시 서구 드림로 284-8(백석동),032-569-1244,032-569-1243,15,12,4
291,인천,서구,한원복지재단,느티나무장애인주간보호센터,인천광역시 서구 심곡로100번길 8-11(심곡동),070-8633-8246,070-7500-0601,20,18,7
292,인천,서구,감리회 태화복지재단,태화인천장애인주간보호센터,인천광역시 서구 심곡로124번길 10(심곡동),032-568-3247,032-568-3271,20,12,5
293,인천,서구,인쳔광역시 중증장애인복지진흥회,해피로드장애인주간보호센터,"인천광역시 서구 가정로125번길 12, 2층(가좌동)",032-574-7041,032-574-1845,16,14,5
294,인천,서구,전국장애인부모연대,구립 서로이음장애인주간보호센터,"인천광역시 서구 완정로 153, 401호(왕길동)",032-567-2365,032-560-2360,12,11,5
295,광주,동구,개인,광주어울림장애인주간보호센터,"광주광역시 동구 백서로 116, 4층(학동, 광주어울림장애인주간보호센터)",062-222-9006,062-223-9005,28,14,5
296,광주,동구,영화복지회,영화장애인주간보호센터,광주광역시 동구 소태길 57-3,062-431-6898,062-234-6897,18,16,5
297,광주,동구,풍경복지장애인인권협회,풍경장애인주간보호센터,광주광역시 동구 경양로259번길 21,062-222-7796,062-228-8834,13,13,4
298,광주,서구,광주행복장애인복지회,광주서구주간보호센터,"광주광역시 서구 화정로 309번길 23-6, 2층",062-352-7113,062-351-7113,12,12,4
299,광주,서구,광주장애인가족복지회,사랑모아주간보호센터,광주광역시 서구 운천로154번길 30-11,062-385-0422,062-382-0422,21,21,6
300,광주,서구,광주광역시지적발달장애인복지협회서구지부,행복주간보호센터,"광주광역시 서구 화정로 309번길 23-6, 1층",062-369-8568,062-373-8568,12,12,4
301,광주,서구,개인,이룸주간보호센터,광주광역시 서구 대남대로472번길 8,062-681-7576,062-682-7576,20,14,4
302,광주,서구,한국장애인부모회 광주광역시지회,나래주간보호센터,광주광역시 서구 구성로19번길 7-4 401호,062-376-9682,062-376-9681,24,15,5
303,광주,서구,광주희망장애인복지회,희망의집 주간보호센터,광주광역시 서구 화운로99번길 15,062-381-5515,062-381-5516,17,15,5
304,광주,서구,사단법인 빛날장애인협회,빛날장애인주간보호센터,광주서구상무대로868번길17-18,062-382-5250,062-682-5255,18,16,5
305,광주,서구,일촌공동체,차오름주간보호센터,광주광역시 서구 상무대로 1224번길 7,062-653-7310,062-653-7311,25,20,6
306,광주,남구,개인,희망찬장애인주간보호센터,"광주광역시 남구 효우2로 26번길 18, 3층 효천타워 301호",062-674-0015,062-674-0017,16,13,4
307,광주,남구,광주지적발달장애인복지협회,광주광역시발달장애인주간보호시설,광주광역시 남구 석교안길 14,062-655-8568,062-457-8568,17,17,5
308,광주,남구,실로암사람들,라브리주간보호센터,광주광역시 남구 봉선로79번길4-1,062-681-6623,062-651-7782,18,17,5
309,광주,남구,개인,라온장애인주간보호센터,"광주광역시 남구 효우로81, 3층 302호",062-682-3454,062-682-3455,21,13,4
310,광주,남구,개인,마루한장애인주간보호센터,"광주광역시 남구 노대실로 48, 303호(노대동, 마치빌딩)",062-674-8640,062-674-8641,20,12,4
311,광주,남구,무지개공동회,엠마우스주간보호센터,광주광역시 남구 군분로 77번안길 28,062-364-7236,062-434-7238,17,17,5
312,광주,남구,개인,푸른동산장애인주간보호센터,광주광역시 남구 제중로 39-5,062-412-9886,062-413-9886,21,21,6
313,광주,남구,개인,혜송주간보호센터,"광주광역시 남구 치마봉길 22, 1층(방림동)",062-675-0788,062-675-0789,18,16,6
314,광주,북구,씨튼수녀회사회복지원,씨튼장애인주간보호센터 데레사의 집,광주광역시 북구 앰코로 123번지,062-973-1161,062-973-1171,30,29,7
315,광주,북구,광주북구장애인복지회,초록장애인주간보호센터,광주 북구 동문대로 238-2,062-251-5988,062-251-5987,17,16,5
316,광주,북구,한국신장장애인협회광주협회,신장장애인주간주간보호센터,"광주광역시 북구 북문대로 27, 5층",062-524-1222,062-233-1222,18,18,3
317,광주,북구,한국장애인문화광주광역시협회,푸른하늘장애인주간보호센터,광주광역시 북구 중가로 51번길 8,062-512-8838,062-513-8838,20,12,4
318,광주,북구,광주지적발달장애인복지협회북구지부,북구장애인다원주간보호시설,광주광역시 북구 군왕로 38-1,062-261-8568,062-265-8568,20,19,6
319,광주,북구,개인,느티나무주간보호센터,"광주광역시 북구 서하로 380, 7층",062-266-4770,062-266-4771,18,17,5
320,광주,북구,개인,동그라미장애인주간보호센터,광주광역시 북구 서암대로 6번길 8,062-513-8246,062-513-8245,20,17,5
321,광주,북구,개인,샛별주간보호센터,"광주광역시 북구 첨단연신로91번길38, 301-1호",062-572-2408,062-572-2409,18,14,4
322,광주,북구,개인,한빛주간보호센터,"광주광역시 북구 어매마을길 32-4, 1층",062-463-0043,062-463-0046,15,10,3
323,광주,광산구,사회복지법인 혜화복지재단,혜화주간보호센터,광주광역시 광산구 용보로 27번길 55,062-942-0214,062-942-0215,26,16,5
324,광주,광산구,개인,솟대장애인주간보호센터,광주광역시 광산구 첨단중앙로 106번길 50 리치빌딩 3층,062-974-2377,062-971-2377,20,14,4
325,광주,광산구,빛고운재활공동체,빛고운장애인주간보호센터,광주광역시 광산구 송도로226번길 29,062-943-4567,062-945-6603,20,19,5
326,광주,광산구,광주지적발달장애인복지협회광산구지부,다솜장애인주간보호센터,광주광역시 광산구 송도로284번길 41-2(송정동),062-945-8569,062-945-8599,17,17,5
327,광주,광산구,스스로 나눔복지,하람장애인주간보호센터,"광주광역시 광산구 첨단중앙로124번길 54, 4층",062-974-2512,062-974-2514,20,16,5
328,광주,광산구,개인,은가비장애인주간보호센터,광주광역시 광산구 송정공원로 17,062-945-9222,062-945-9223,16,14,5
329,광주,광산구,사단법인 사과나무,나눔장애인주간보호센터,"광주광역시 광산구 하남울로공원1길9, 3층",062-714-1529,062-714-1528,22,14,4
330,광주,광산구,개인,담터장애인주간보호센터,"광주광역시 광산구 월계로 203, 3층",062-971-3400,062-973-3401,20,12,4
331,광주,광산구,개인,참조은장애인주간보호센터,광주광역시 광산구 수등로 211 1층,062-962-7094,062-962-7093,20,16,5
332,광주,광산구,개인,한울장애인주간보호센터,광주광역시 광산구 앰코로35 315호,062-944-1119,062-972-1120,13,13,3
333,광주,광산구,개인,행복장애인주간보호센터,광주광역시 광산구 신가매결길 76,062-959-2006,062-959-2022,12,7,3
334,대전,동구,사회복지법인밀알,명은주간보호센터,"대전광역시 동구 우암로 48, 2층",042-632-7338,042-621-9801,15,8,6
335,대전,동구,한국생명의전화대전지부,생명장애인주간보호센터,"대전광역시 동구 동부로 56-7, 2층",042-286-9190,042-286-9194,15,11,6
336,대전,동구,평화의마을,파랑새장애인주간보호센터,"대전광역시 동구 백룡로 48번길 79, 2층",070-8613-8336,042-635-6010,25,25,10
337,대전,동구,개인,꿈이있는장애인주간보호센터,대전광역시 동구 대전천동로 414,070-4245-8046,0505-284-1234,15,15,4
338,대전,동구,사회복지법인 밀알,판암장애인주간보호센터,대전광역시 동구 동부로 56-34,042-285-0028,042-285-0027,15,10,6
339,대전,동구,개인,초록나무장애인주간보호센터,대전광역시 동구 동서대로1778번길 115,042-383-7072,042-626-7073,15,14,6
340,대전,동구,개인,한울장애인주간보호센터,대전광역시 동구 가양로 72,042-626-2374,042-627-2374,20,13,5
341,대전,동구,개인,기쁜우리장애인주간보호센터,대전광역시 동구 홍도로 5-14,042-524-0591,042-627-0591,15,14,8
342,대전,동구,개인,두손장애인주간보호센터,대전광역시 동구 산내로 1315번길 5-6,042-283-2223,042-283-2224,15,14,4
343,대전,동구,명희복지재단,대전주간보호센터,대전광역시 동구 소랑길 10,042-632-0691,042-716-0991,12,12,7
344,대전,동구,개인,동그라미주간보호,대전광역시 동구 산내로 495,042-272-0508,042-272-0507,15,12,7
345,대전,중구,샤론원,샤론원장애인주간보호센터,대전광역시 중구 대둔산로494번길 24(산성동),042-585-9525,042-585-9523,15,10,5
346,대전,중구,밀알선교단,밀알주간보호센터,대전광역시 중구 뿌리공원로7번길 54(안영동),042-242-0813,042-242-0817,25,25,10
347,대전,중구,감리회 태화복지재단,대전태화주간보호센터,대전광역시 중구 보문산로333번길 29(문화동),042-586-1507,042-586-1509,12,12,3
348,대전,중구,대전시각장애인연합회,산성종합복지관주간보호센터,대전광역시 중구 유등천동로 232(산성동),042-586-8035,042-586-8037,15,14,3
349,대전,중구,개인,쉴만한물가,대전광역시 중구 부용로72번길 1(부사동),042-221-8005,042-257-8009,15,16,5
350,대전,중구,개인,시온마을장애인주간보호센터,"대전광역시 중구 모암로 59, 1층(옥계동)",042-273-9423,042-273-9422,15,11,4
351,대전,중구,개인,나사렛장애인주간보호센터,"대전광역시 중구 돌다리로 36, 3층 (석교동)",042-273-8135,042-273-8136,10,7,3
352,대전,중구,희망복지플러스사회적협동조합,희망복지여성장애인주간보호센터,"대전광역시 중구 대둔산로466번길 34, 1층(산성동)",070-8804-7600,042-585-5007,8,4,3
353,대전,중구,라움사회적협동조합,산들주간보호센터,"대전광역시 중구 목중로 80, 202호(중촌동, 동서빌딩)",042-710-2255,0303-3441-2255,10,4,2
354,대전,서구,대전장애인부모회,도토리주간보호센터,대전광역시 서구 갈마로212번길 20-5 (내동),042-533-9457,042-535-9457,10,10,5
355,대전,서구,사회복지법인 성애원,관저장애인주간보호센터,대전광역시 서구 구봉로 13 (관저동),042-545-6813,042-545-6816,15,13,4
356,대전,서구,재단법인 대한예수교장로회대전노회유지재단,정림발달장애인주간보호센터,대전광역시 서구 계백로1286번길 86 (정림동),042-584-4450,042-584-4457,15,12,4
357,대전,서구,재단법인 대한예수교장로회대전노회유지재단,월평발달장애인주간보호센터,대전광역시 서구 월평북로 11 (월평동),042-488-5166,042-489-5166,15,13,5
358,대전,서구,사회복지법인 아회,아회장애인주간보호센터,대전광역시 서구 갈마로211번길 24 (괴정동),042-538-1177,042-538-1178,15,11,5
359,대전,서구,개인,라파주간보호센터,대전광역시 서구 정림서로 134-15 (정림동),042-482-9301,042-534-9301,15,13,5
360,대전,서구,사회복지법인 누리봄,헬로 장애인주간보호센터,"대전광역시 서구 도솔로 151, 2층(도마동)",070-4422-7001,042-531-7003,10,8,3
361,대전,서구,개인,단비주간보호센터,대전광역시 서구 도산로 470(용문동),042-536-1771,042-536-1881,15,13,6
362,대전,서구,개인,힘찬장애인주간보호센터,대전광역시 서구 유등로43번길 6-9 (복수동),042-585-0101,042-585-0102,10,8,3
363,대전,서구,개인,늘사랑특수교육장애인주간보호센터,대전광역시 서구 대신1길48(도마동),042-369-0322,042-368-0322,10,9,3
364,대전,서구,개인,소담누리장애인주간보호센터,"대전광역시 서구 도안동로 6, 402호(도안동)",070-7620-5362,070-7620-5363,10,10,3
365,대전,서구,전국장애인부모연대,나비장애인주간보호센터,"대전광역시 서구 도솔로 193, 2층 (도마동)",042-523-0420,042-522-0420,10,10,3
366,대전,유성구,사회복지법인 성재원,대전광역시립장애인종합복지관 성인주간보호센터,대전광역시 유성구 유성대로 2968번길 175,042-540-3590,042-540-3599,15,11,3
367,대전,유성구,한국지체장애인협회,유성구장애인종합복지관주간보호,대전광역시 유성구 북유성대로 166,042-820-3637,042-820-3635,15,12,3
368,대전,유성구,푸른초장,이삭주간보호센터,대전광역시 유성구 학하복용서로19,042-867-3692,042-867-3694,15,15,6
369,대전,유성구,개인,우리들장애인주간보호센터,"대전시 계룡로18번길8(1층, 구암동)",042-823-6243,042-823-6443,12,12,5
370,대전,유성구,개인,장애인주간보호시설 행복나무특수교육원,"대전광여시 유성구 계룡로 55, 2층 203호(봉명동, 유성자이상가)",042-542-1003,042-542-1043,16,13,3
371,대전,유성구,개인,사나래장애인주간보호센터,대전광역시 지족로 272 6층3호,042-825-4614,042-288-9795,10,8,3
372,대전,유성구,한밭제일복지재단,한밭제일 장애인주간보호센터,대전광역시 유성구 계백로 913 C동 2층,042-542-6368,042-541-6368,25,17,7
373,대전,대덕구,누리봄,가나특수교육원,대전 대덕구 신탄진로218번길 57-9,042-637-3025,042-637-0903,13,13,6
374,대전,대덕구,대전가톨릭사회복지회,대덕구장애인종합복지관 주간보호센터,대전광역시 대덕구 신탄진로77,042-637-2259,042-637-8852,15,15,3
375,대전,대덕구,개인,드림장애인주간보호시설,"대전광역시 대덕구 신탄진로804번길75, 1층 102호",070-8126-7330,042-932-7332,10,8,4
376,대전,대덕구,포도원,로뎀나무주간보호센터,대전시 대덕구 대전로 1081(오정동),042-622-0675,042-621-0675,12,12,6
377,대전,대덕구,개인,엘림특수교육원,대전시 대덕구 한남로88번길24(오정동),042-626-3026,042-625-3026,20,21,7
378,대전,대덕구,개인,열매주간보호센터,"대전 대덕구 한남로 137번길 57, 1층(오정동)",042-621-3026,042-622-3027,10,10,6
379,대전,대덕구,대전가톨릭사회복지회,대덕종합사회복지관 장애인주간보호센터,대전광역시 대덕구 덕암로234번길 44,070-7858-2498,042-936-7346,12,11,4
380,대전,대덕구,포도원,포도나무주간보호센터,"대전광역시 대덕구 대전로 1081, 1층",042-622-0674,042-621-0674,12,12,6
381,대전,대덕구,대전광역시지적발달장애인복지협회,해오름주간보호센터,대전 대덕구 신탄진로218번길 32(3층),042-627-3012,042-627-3013,15,13,5
382,대전,대덕구,개인,행복이음주간보호센터,대전광역시 대덕구 계족로740번길 23-13 (읍내동),042-632-2279,042-632-2276,15,15,6
383,울산,중구,시민복지재단,시민장애인주간보호센터,울산광역시 중구 북부순환도로 145,070-7123-0217,052-249-6091,15,14,4
384,울산,중구,울산광역시시각장애인복지연합회,울산중구시각장애인주간보호센터,"울산광역시 남구 번영로 522, 2층",052-912-5677,052-912-5667,12,12,3
385,울산,중구,물푸레복지재단,해솔주간보호센터,울산광역시 중구 함월로 122 4층,052-296-3162,052-293-9819,15,14,3
386,울산,중구,사회복지법인 밝은미래복지재단,백합주간보호센터,"울산광역시 중구 푸름길 15, 301호",052-248-0097,052-248-0098,15,11,6
387,울산,중구,로사리오 카리타스,평화주간보호센터,울산광역시 중구 백양로 160,052-248-6161,052-248-6151,15,15,6
388,울산,중구,사단법인,아름주간보호센터,울산광역시 중구 해오름18길7,052-292-0520,070-4648-4818,15,14,6
389,울산,중구,개인,버팀목장애인주간보호센터,울산광역시 중구 성동길 90,052-248-3161,052-248-3167,12,9,4
390,울산,남구,통도사 자비원,울산남구종합사회복지관 부설 장애인주간보호센터,울산광역시 남구 번영로 107번길,052-266-9963,052-267-5859,15,15,4
391,울산,남구, 울산광역시지적발달장애인복지협회,푸른울타리장애인주간보호시설,"울산광역시 남구 봉월로 70번길, 58 2층",052-276-1512,052-276-1513,12,12,3
392,울산,남구,사단법인울산광역시시각장애인복지연합회,울산광역시시각장애인주간보호센터,"울산광역시 남구 돋질로 114번길3, 1층",052-266-5685,052-266-5685,25,13,3
393,울산,남구,한국신장장애인울산협회,울산광역시신장장애인주간보호센터,"울산광역시 남구 중앙로 274, 2층",052-271-7272,052-271-7072,15,15,3
394,울산,남구,울산보강복지재단,보강장애인주간보호센터,"울산 남구 두왕로 48번길 15, 1층",052-265-8522,052-265-8523,12,9,3
395,울산,남구,개인,한마음주간보호센터,울산광역시 남구 중앙로 128번길 35(달동),052-258-1970,052-258-3970,15,14,3
396,울산,남구,샨띠달마수행공동체,연꽃아이들장애인주간보호시설,울산광역시 남구 삼산로46번길 11-19,052-268-6702,052-258-5097,10,10,3
397,울산,남구,울산장애인복지회,사랑의집장애인주간보호시설,울산시 남구 달삼로 84번길 28-1 1층,052-273-7991,052-260-7942,12,12,3
398,울산,남구,대한예수교장로회 헵시바교회,울산무거복지센터,"울산광역시 남구 신복로46번길 28, 201호",052-277-7472,052-277-7473,20,10,4
399,울산,남구,사단법인행복한우리세상,한우리장애인주간보호시설,울산시 남구 삼산로 181번길 40,052-258-2338,052-258-2339,12,12,3
400,울산,남구,울산광역시지적발달장애인복지협회,무지개장애인주간보호시설,울산광역시 남구 신남로 69-1 대진상가 3층,052-276-1731,052-276-1511,12,12,4
401,울산,남구,사단법인 조은효사랑,가람장애인주간보호센터,울산광역시 남구 수암로 279-10,052-272-5265,052-272-5264,12,9,3
402,울산,남구,사회복지법인 해울이복지재단,해울이주간보호센터,"울산광역시 남구 삼산로67번길 30, 3층",052-266-0520,052-266-0526,12,9,3
403,울산,남구,개인,사랑나눔장애인주간보호센터,울산광역시 남구 월평로 160- 2층,052-271-4175,052-261-4120,12,7,3
404,울산,남구,개인,울산장애인주간보호센터,"울산광역시 남구 중앙로258번길 11, 2층",052-917-9292,052-917-9296,12,8,3
405,울산,남구,반디복지,장애인주간보호센터 별,"울산광역시 남구 월평로9, 대교메디컬 5층",052-242-0078,052-275-0078,12,8,3
406,울산,동구,울산광역시지적발달장애인복지협회,사랑울타리,울산 동구 화잠8길 10 (방어동),052-235-0413,052-235-0418,12,10,3
407,울산,동구,사회복지법인 밀알선교단(대전),밀알주간보호센터,"울산 동구 문재5길 39, 1층 (방어동)",052-252-9387,052-235-9387,15,10,3
408,울산,동구,사단법인 친한친구들,동구종합사회복지관 부설 장애인주간보호센터,울산 동구 봉수로 155 (서부동),052-236-1468,052-236-1470,12,12,3
409,울산,동구,사회복지법인 동울산새마을금고 느티나무복지재단,다흰주간보호센터,울산 동구 녹수길 25 (전하동),052-232-5175,052-236-9090,12,8,3
410,울산,동구,사회복지법인 로사리오카리타스,동구장애인복지관 장애인주간보호센터,울산 동구 방어진순환도로 1273-1 (서부동),052-710-5993,052-710-5990,13,13,4
411,울산,동구,사단법인 친한친구들,곰솔주간보호센터,울산 동구 봉수로 155 (서부동),052-236-7179,052-235-7179,15,15,6
412,울산,북구,사회복지법인 어울림복지재단,울산북구장애인주간보호센터,"울산광역시  북구 동대 8길 40, 2층",070-4035-7930,070-8220-0996,12,9,3
413,울산,북구,메아리,메아리주간보호시설,울산광역시 북구 갓안 1길 9,052-295-2304,052-295-2303,15,12,4
414,울산,북구,사단법인 행복느티나무,행복챌린지최중증주간보호센터,울산광역시 북구 무룡로 128(행복챌린지최중증주간보호센터),052-288-0056,052-288-0058,15,11,6
415,울산,북구,사단법인 조은효사랑,참사랑주간보호센터,"울산광역시 북구 신답로 48, 313호",052-282-5265,052-281-5264,12,10,3
416,울산,북구,사회복지법인 어울림복지재단,울산장애인복지센터 주간보호시설,울산광역시 북구 동대11길 49,052-286-1070,052-286-1069,20,15,3
417,울산,울주군,사단법인 울산장애인인권복지협회,햇살장애인주간보호시설,"울산광역시 울주군 범서읍 천상중앙길 104, 4층",052-246-1371,070-8668-6685,16,16,4
418,울산,울주군,울주군시설관리공단,온산장애인주간보호센터,울산광역시 울주군 온양읍 남창1길 13,052-229-9330,052-229-9339,12,11,3
419,울산,울주군,울주군시설관리공단,범서장애인주간보호센터,울산광역시 울주군 범서읍 천상4길 28-9,052-229-9390,052-229-9399,12,12,3
420,울산,울주군,개인,마중물주간보호센터,울산광역시 울주군 범서읍 천상1길 20-11 1층,052-221-2412,052-212-2412,12,11,3
421,울산,울주군,울산광역시지적발달장애인복지협회 울주군지부,보담장애인주간보호시설,"울산광역시 울주군 청량읍 상남길1, 2층",052-227-1516,052-227-1518,12,11,4
422,울산,울주군,개인,예담장애인주간보호시설,"울산광역시 울주군 범서읍 천상길52, 1층",052-245-5552,052-245-5553,12,7,3
423,울산,울주군,사회적협동조합 정인,정인장애인주간보호시설,울산광역시 울주군 언양읍 구수길 67-,052-262-2288,052-262-2299,12,5,3
424,세종,세종시,사회복지법인대한불교조계종사회복지재단,종촌종합복지센터 장애인주간보호센터,세종특별자치시 도움1로 116 종촌종합복지센터 2층,044-850-3070,044-866-5403,16,15,7
425,세종,세종시,사회복지법인세종충남가톨릭사회복지회,세종장애인주간보호센터,세종특별자치시 전의면 삼성당1길 52-32,044-865-1602,044-865-1603,30,22,10
426,세종,세종시,사단법인세종시장애인부모회,보람장애인주간보호센터,"세종특별자치시 한누리대로 2107, 2층",044-868-4155,044-868-4158,25,20,10
427,경기,수원시,사회복지법인,수원시정자동장애인주간보호시설,경기도 수원시 장안구 수성로245번길 86,031-248-5340,031-248-5341,63,62,25
428,경기,수원시,구세군복지재단,구세군장애인주간보호시설,경기도 수원시 권선구 수인로 192번길 65-5,031-257-3404,031-291-3405,12,10,4
429,경기,수원시,기독교대한감리회사회복지재단,북수원장애인주간보호시설,경기도 수원시 장안구 파장천로44번길 27,031-246-2160,031-246-2161,15,14,5
430,경기,수원시,브솔복지재단,브솔장애인주간보호센터,"경기도 수원시 영통구 월드컵로 76, 3층",031-214-1406,031-214-1407,16,7,5
431,경기,수원시,천주교 싸리따스수녀회 유지재단,수원시오목천동장애인주간보호시설,경기도 수원시 권선구 서수원로 124,031-296-6255,031-296-6256,27,26,12
432,경기,수원시,수원제일복지재단,노을빛장애인주간보호센터,경기도 수원시 팔달구 팔달문로 41번길 24,031-256-9004,031-254-9004,10,7,4
433,경기,수원시,수원중앙복지재단,수원시광교장애인주간보호시설,경기도 수원시 영통구 센트럴타운로 22 (이의동),031-8006-7460,031-8006-7499,72,69,26
434,경기,수원시,수원중앙복지재단,꿈자리보금자리,"경기도 수원시 팔달구 행궁로77, 송산빌딩6층",031-224-6491,031-224-6991,24,20,7
435,경기,수원시,꿈행복나눔재단,수원시홍재장애인주간보호시설,경기도 수원시 권선구 곡반정로 194번길 19,031-224-0625,031-224-0627,100,78,37
436,경기,수원시,수원중앙복지재단,수원시장애인종합복지관 부설 주간보호센터,경기도 수원시 영통구 창룡대로 255번길,031-207-1501,031-207-1504,30,30,9
437,경기,수원시,천주교수원교구사회복지회,호매실장애인종합복지관 부설 주간보호센터,경기도 수원시 권선구 호매실로 211(호매실동),031-893-2180,031-893-2179,36,29,11
438,경기,용인시,한국지체장애인협회,용인서처인장애인복지관 부설 주간보호센터,경기도 용인시 처인구 경안천로 318,031-320-4880,031-320-4899,16,14,5
439,경기,용인시,양지바른,용인시기흥장애인복지관 부설 주간보호센터,경기도 용인시 기흥구 용구대로 2468번길 94,031-895-3258,031-895-3203,40,39,11
440,경기,용인시,지구촌사회복지재단,용인시수지장애인복지관 부설 주간보호센터,"경기도 용인시 수지구 포은대로 435(풍덕천동 720) 수지복지센터 3층, 주간보호센터",031-270-0250,031-270-0202,16,16,5
441,경기,용인시,사회복지법인천주교인보회,다솜의집,경기도 용인시 처인구 포곡읍 백옥대로 1832번길 56,031-321-4170,031-31-2947,40,30,14
442,경기,용인시,베데스다복지재단,더사랑주간보호센터,경기도 용인시 기흥구 신정로 69,031-284-7610,031-284-7620,24,22,8
443,경기,용인시 ,대한불교조계종사회복지재단 ,용인시장애인주간보호센터 라온 ,경기도 용인시 처인구 양지면 한터로 341-23,031-322-0297,031-322-0298,16,15,6
444,경기,용인시,말아톤복지재단,향상행복한센터,경기도 용인시 기흥구 언동로 140(향상교회 2층),031-8009-0823,031-8009-0824,10,10,4
445,경기,용인시,드림웰페어 사회적협동조합,마실장애인지원센터,"경기도 용인시 기흥구 흥덕2로 105번길 5, 서서타워 207호",031-216-9993,031-216-9995,12,0,1
446,경기,용인시,개인,두나미스,"경기도 용인시 수지구 현암로 119, 죽전메디뷰 601호 ",031-265-9442,,15,3,3
447,경기,고양시,사회복지법인 해피월드 복지재단,원당사회복지관 무지개장애인주간보호센터,"경기도 고양시 덕양구 호국로 716번길 13-11, 3층",031-994-4090,031-966-4009,15,15,5
448,경기,고양시,대건카리타스,해늘장애인주간보호센터,경기도 고양시 일산서구 고양대로 654,031-975-1029,031-976-1029,13,12,5
449,경기,고양시,사회복지법인 한국장로교복지재단,원당주간보호센터,경기도 고양시 덕양구 호국로809(주교동),031-966-7596,031-966-7597,20,11,5
450,경기,고양시,한국장애인부모회고양지부,고양시장애인부모회주간보호시설,경기도 고양시 일산동구 강송로88번길 8-12 2층,031-902-2249,031-932-2247,17,13,5
451,경기,고양시,즐거운사회적협동조합,즐거운장애인주간보호센터,"경기도 고양시 덕양구 보광로 12번길23-8,1,2층(고양동)",031-968-7779,031-969-8972,20,13,5
452,경기,고양시,사회복지법인 천애원,고양시장애인주간보호센터,경기도 고양시 일산서구 고양대로 672번길 15-7,031-975-6723,031-975-6721,100,80,32
453,경기,고양시,사회복지법인 대건카리타스,기쁨터,경기도 고양시 일산동구 견달산로 225번길 21-91,031-904-6990,031-904-6994,22,19,8
454,경기,고양시,승가원,고양시덕양행신장애인주간보호센터,"경기도 고양시 덕양구 서정마을2로 13, 1층",031-839-6100,031-839-6198,29,29,17
455,경기,고양시,우림복지재단,문촌7장애인주간보호센터,경기도 고양시 일산서구 킨텍스로 340,031-922-4072,031-926-4047,14,12,4
456,경기,고양시,홀트아동복지회,고양시장애인종합복지관부설주간보호센터,경기도 고양시 일산서구 탄현로139,031-929-1424,031-929-1409,40,26,12
457,경기,성남시,굿패밀리복지재단,은행다온주간센터,경기도 성남시 중원구 산성대로518번길 30 2층,070-4923-6484,031-743-8300,16,15,4
458,경기,성남시,복)양친사회복지회,서호주간센터,경기도 성남시 수정구 복정로 109,031-757-0109,031-757-4109,40,25,11
459,경기,성남시,한국지체장애인협회,한우리장애인주간보호센터,경기도 성남시 중원구 순환로226번길 8,031-733-9944,031-733-9669,50,49,14
460,경기,성남시,함께웃는재단,마음톡톡센터,"경기도 성남시 분당구 성남대로 52, 그랜드프라자 501호",031-719-6112,031-719-6110,16,14,6
461,경기,성남시,말아톤복지재단,말아톤주간보호센터,경기도 성남시 분당구 내정로 17번길 8 5005호,031-718-3015,031-604-9456,30,25,9
462,경기,성남시,밀알복지재단,한마음주간보호센터,"경기도 성남시 분당구 야탑로227, 1층",031-725-9544,031-725-9548,40,31,10
463,경기,성남시,분당우리복지재단,우리주간보호센터,경기도 성남시 분당구 황새울로 311번길 9 분당우리교회 드림센터 909호,070-4820-2822,070-8280-6110,30,29,9
464,경기,성남시,참사람들,판교장애인주간보호센터,경기도 성남시 분당구 운중로 254,031-702-8101,031-709-8101,20,16,6
465,경기,성남시,여의도순복음연합,성남행복누리센터,"경기도 성남시 중원구 도촌북로 92, 2층 성남행복누리센터 ",031-720-8554,0505-300-8554,16,15,6
466,경기,성남시,할렐루야복지재단,사랑의학교,"경기도 성남시 분당구 야탑로 245, 4층",031-698-2040,031-8017-0420,45,44,17
467,경기,화성시,지구촌사회복지재단,화성시동탄아르딤장애인주간보호센터,경기도 화성시 동탄대로10길 17-12 L층,031-8077-0860,031-8077-0808,40,36,10
468,경기,화성시,학교법인 일송학원,나래울장애인주간보호센터,경기도 화성시 여울로2길 33(능동),031-8015-7460,031-8015-7310,24,21,6
469,경기,화성시,사단법인 힘찬동네,화성남부장애인주간보호센터,경기도 화성시 향남읍 행정서로 3길 50,031-8059-2722,031-8059-2708,16,12,4
470,경기,화성시,대한불교조계종,아르딤장애인주간보호센터,경기도 화성시 향남읍 도이1길 104,031-366-6535,031-5183-8995,28,24,7
471,경기,화성시,사회복지법인 천주교수원교구,화성서부장애인주간보호센터,경기도 화성시 송산면 사강로 145,070-4924-0881,031-356-0880,12,12,3
472,경기,화성시,사단법인 힘찬동네,봉담해밀장애인주간보호센터,"경기도 화성시 봉담읍 상리3길 135, 화성봉담2 LH3단지 307동 1층",031-360-0878,031-360-0879,16,9,4
473,경기,화성시,재단법인기독교대한하나님의성회,동탄어울림장애인주간보호센터,경기도 화성시 동탄대로시범길 133 동탄어울림종합사회복지관 내,070-8858-9268,031-376-5411,16,10,4
474,경기,화성시,사회복지법인지구촌사회복지재단,동탄아르딤장애인주간보호센터,경기도 화성시 동탄대로 10길 17-12 화성시동탄아르딤복지관,031-8077-0860,031-8077-0808,40,36,11
475,경기,화성시,사회복지법인대한예수교장로회,와우리장애인주간보호센터,경기도 화성시 봉담읍 와우안길 99,031-223-3060,070-4324-4432,28,22,9
476,경기,부천시,더플러스에이블사회적협동조합,실로암장애인주간보호시설,"경기도 부천시 소향로 25 (상동, 서해프라자) 801호",032-328-0339,0504-067-0338,20,14,5
477,경기,부천시,우리동네사람들,우리동네부천장애인주간보호센터,"경기도 부천시 심곡로9번길 46, 2층",032-665-6603,032-665-6608,10,10,4
478,경기,부천시,사회복지법인기독교대한감리회사회복지재단,아름다운집주간보호시설,"경기도 부천시 소향로13번길 14-16 703호(대맥프라자, 상동)",032-348-9292,032-348-9293,20,20,8
479,경기,부천시,더플러스에이블사회적협동조합,안다미장애인주간보호시설,경기도 부천시 소향로13번길 20 테마파크 402호,032-216-1202,032-216-1204,16,20,6
480,경기,부천시,사랑의공동체,물댄동산장애인주간보호시설,"경기도 부천시 경인로392번길25, 다상 102호",032-345-6966,032-614-9963,10,10,4
481,경기,부천시,즐거운사회적협동조합,그루터기장애인주간보호시설,경기도 부천시소향로37번길13-22에이원프라자402호,032-322-6644,032-673-1432,20,20,5
482,경기,부천시,사단법인 부천사랑터,부천사랑터장애인주간보호시설,"경기도 부천시 길주로 276 무광오피스 301호(중동, 무광오피스빌딩)",032-212-8749,032-321-8749,20,20,7
483,경기,부천시,사회복지법인 인천가톨릭사회복지회,부천시장애인종합복지관  장애인활동센터,경기도 부천시 오정구 역곡로 367,032-670-1136,032-681-0799,30,24,9
484,경기,부천시,희망장애인지원센터,희망장애인주간보호시설,"경기도 부천시 상동로117번길 49, 501호(아트프라자)",032-256-7005,032-655-7700,11,10,4
485,경기,부천시,사단법인 하울회,하늘아래장애인주간보호시설,"경기도 부천시 범안로 54, 302호, 303호(괴안동,그린홈프라자)",032-349-6828,032-226-6828,28,28,9
486,경기,부천시,서로나눔사회적협동조합,서로나눔 주간보호센터,경기도 부천시 경인로536번길57-3층3,070-4042-9462,070-4042-9463,10,9,4
487,경기,남양주시,대한성공회유지재단,남양주시장애인복지관 주간보호센터,경기도 남양주시 홍유릉로 273-1,070-5001-3353,031-592-8150,15,12,6
488,경기,남양주시,대한성공회유지재단,남양주시장애인복지관 성인주간보호센터,경기도 남양주시 홍유릉로 275-12,031-524-9955,031-592-8150,15,15,6
489,경기,남양주시,사회복지법인 대한불교조계종사회복지재단,남양주시북부장애인복지관 주간보호센터,경기도 남양주시 진접읍 경복대로 507-1 2층,031-574-2671,031-574-2672,24,22,11
490,경기,남양주시,사회복지법인 신망애복지재단,남양주시장애인주간보호센터,경기도 남양주시 수동면 비룡로 972번길 17,031-593-6363,031-593-6335,20,19,8
491,경기,남양주시,한국장애인부모회,나무장애인 주간보호센터,경기도 남양주시 경춘로 1256번길 7(강남프라자 502호),031-594-4957,031-591-4906,12,10,5
492,경기,안산시,밀알복지재단,안산시장애인주간보호시설,경기도 안산시 단원구 원초로 80,031-418-9863,031-418-9864,35,30,14
493,경기,안산시,강물,빛과둥지주간,경기도 안산시 상록구 시낭공원안길 22,031-405-0953,031-405-0961,16,14,5
494,경기,안산시,강물,꿈꾸는 둥지,경기도 안산시 상록구 시낭공원안길 22,031-405-0953,031-405-0961,13,13,5
495,경기,안산시,밀알복지재단,안산밀알센터,"경기도 안산시 단원구 원포공원1로 60, 505호(초지동)",031-401-0902,031-439-4430,30,21,8
496,경기,안산시,행복한길,행복한길,경기도 안산시 상록구 광덕1로 350 신도프라자 601호,031-415-0214,031-415-0215,20,17,6
497,경기,안산시,행복한길,하늘빛샘,경기도 안산시 상록구 광덕1로 350 신도프라자 602호,031-475-0216,031-475-0217,20,17,7
498,경기,안산시,동산복지재단,맑은동산(주간),경기도 안산시 상록구 중보로 55 삼성프라자 704호,031-417-5521,031-417-5529,20,15,6
499,경기,안산시,라온우리,라온우리장애인주간보호센터,경기도 안산시 단원구 원포공원1로 59 신명트윈타워A동-302호,070-8254-4003,031-409-4005,18,15,6
500,경기,안산시,해밀,해밀장애인주간보호센터,경기도 안산시 단원구 선부로 183 화성프라자 604호 ,031-437-3237,070-4032-2552,14,14,5
501,경기,안산시,밀알복지재단,안산시온유한센터,경기도 안산시 상록구 본원로5안길 11,070-7576-0870,070-7543-5023,20,15,6
502,경기,안산시,동산복지재단,상록큰숲주간센터,경기도 안산시 상록구 차돌배기로 24-2,031-406-1200,031-409-2200,20,15,5
503,경기,안산시,행복한길,행복이룸주간센터,"경기도 안산시 단원구 원포공원2로 35, 305호",031-8032-9244,031-8032-9245,20,11,5
504,경기,안산시,더불어숲,더불어숲주간센터,"경기도 안산시 단원구 원포공원1로 49, 509-2호",031-414-3267,031-414-3266,20,15,6
505,경기,평택시,평안밀알복지재단,비전장애인주간보호센터,경기도 평택시 중앙1로56번길 25 1층,031-617-9115,031-617-9116,30,9,9
506,경기,평택시,사회복지법인 에바다복지회,에바다장애인주간보호센터,경기도 평택시 팽성읍 노와길 447,031-692-2267,070-4015-8510,20,16,5
507,경기,평택시,평안밀알복지재단,평안밀알센터,"경기도 평택시 평남로 90-19, 3층",031-647-0931,031-647-0932,24,21,9
508,경기,평택시,평택복지재단,평택북부장애인주간보호센터,경기도 평택시 서정로 295,031-615-3943,031-615-3995,25,24,8
509,경기,평택시,사회복지법인 고앤두,하래장애인주간보호센터,경기도 평택시 포승읍 한유지길 80-26,031-683-3566,031-681-8494,15,13,7
510,경기,평택시,연꽃마을,합정장애인주간보호센터,"경기도 평택시 조개터로 2번길 41,장애인회관신관2층",031-618-7300,031-618-7070,30,29,13
511,경기,평택시,사회복지법인 고앤두,서부장애인주간보호센터,경기도 평택시 안중읍 안현로서 4길 9,031-686-6491,031-686-6490,15,11,6
512,경기,평택시,평택복지재단,팽성장애인주간보호센터,경기도 평택시 팽성읍 팽성남산 4길 6,031-650-2650,031-618-8643,28,25,9
513,경기,안양시,성민원,안양시관악장애인주간보호센터,경기도 안양시 만안구 경수대로 1132,031-473-7776,070-4015-0066,30,26,9
514,경기,안양시,돕는사람들,안양시수리장애인주간보호센터,경기도 안양시 만안구 냉천로 39,031-465-1465,031-8056-9950,28,23,9
515,경기,안양시,돕는사람들,만안장애인주간보호센터,"경기도 안양시 만안구 박달로 547-1, 2층(안양동, 만안종합사회복지관)",031-464-9702,070-8978-7730,20,20,6
516,경기,안양시,희망터장애인사회적협동조합,희망아카데미장애인주간보호센터,"경기도 안양시 동안구 엘에스로 45, 대영골든타워 310호",031-477-5900,031-477-5902,12,11,5
517,경기,안양시,열손가락서로돌봄사회적협동조합,열손가락장애인주간보호센터,"경기도 안양시 만안구 창박로 41, 304호·305호 (포커스라인프라자)",031-444-1192,031-442-1198,12,12,4
518,경기,안양시,다누리장애통합사회적협동조합,다누리장애인주간보호센터,"경기도 안양시 만안구 안양로 511, 6층",031-464-4100,031-464-4200,12,10,4
519,경기,안양시,행복플러스사회적협동조합,행복플러스장애인주간보호센터,"경기도 안양시 만안구 박달우회로138번길 18, 1층",031-469-9945,031-469-9445,10,10,4
520,경기,안양시,난치병아동돕기운동본부,두리망장애인주간보호센터,"경기도 안양시 동안구 엘에스로 45, 206호",031-429-9065,031-429-9066,12,10,3
521,경기,시흥시,사회복지법인 룸비니,시흥장애인종합복지관 부설 장애인주간보호시설,경기도 시흥시 정왕대로 233번길 27-1,031-431-9114,031-431-9124,21,19,6
522,경기,시흥시,시흥시자원봉사단체협의회,대야장애인주간보호시설,경기도 시흥시 호현로 55 대야종합사회복지관2층,031-404-8110,031-404-8115,15,12,5
523,경기,시흥시,사단법인수수꽃다리,늘푸름장애인주간보호시설,"경기도 시흥시 마유로416, 월드프라자3층307호031-498-1268031-498-1262",031-498-1268,031-498-1262,12,11,5
524,경기,시흥시,사회적협동조합 빛길,빛길장애인주간보호시설,"경기도 시흥시 미산로 143번길, 3층",031-311-4211,031-311-4213,20,16,6
525,경기,시흥시,경기도지적발달장애인복지협회 시흥시지부,하나더하기장애인주간보호시설,경기도 시흥시 하중로 193 조은프라자 4층 401호,031-314-3600,031-314-3601,10,10,4
526,경기,김포시,사회복지법인 룸비니,김포시 장애인주간보호센터,"경기도 김포시 사우중로 108, 김포보건소 별관 1층",031-983-4121,031-983-4120,40,37,14
527,경기,김포시,사회복지법인 룸비니,김포시 성인장애인주간보호센터,"경기도 김포시 사우중로 100, 3층",031-989-9322,031-989-9325,16,13,6
528,경기,김포시,인천가톨릭사회복지회,김포시 장애인복지관 주간보호센터,경기도 김포시 김포한강3로 291,031-997-3648,070-7377-9750,27,21,9
529,경기,김포시,사회복지법인 세석밀알,김포밀알주간보호센터,"경기도 김포시 하성면 애기봉로 845, 복지문화센터 2층",031-988-5136,031-988-5132,10,10,5
530,경기,김포시,대한불교조계종사회복지재단,용화사장애인주간보호센터,경기도 김포시 금포로 1487-5,031-981-5380,031-981-5320,20,10,4
531,경기,파주시,한국지적발달장애인복지협회,파주시장애인주간보호센터,경기도 파주시 금정 7길 35-1,031-957-2605,031-957-2606,20,14,6
532,경기,파주시,해피월드복지재단,파주시문산종합사회복지관 장애인주간보호센터,경기도 파주시 문산읍 통일로 1680 문산행복센터 1층,031-934-2071,031-934-2009,25,24,6
533,경기,파주시,파주처음교회,해오름장애인주간보호센터,경기도 파주시 운정로 78-24,070-4801-3781,031-949-0003,20,16,5
534,경기,파주시,사회복지법인 대건카리타스,파주시장애인주간보호시설 도란도란,"경기도 파주시 문화로 34 한성빌딩 2,3층",031-942-8000,031-942-8888,25,25,8
535,경기,의정부시,한국지체장애인협회,의정부시장애인종합복지관 부설 장애인주간보호센터,경기도 의정부시 용민로 160,031-850-5352,031-853-8921,20,19,8
536,경기,의정부시,의정부밀알복지재단,의정부시장애인주간보호시설 곰두리네집,경기도 의정부시 진등로 11번길 9,031-829-8293,031-829-8295,30,20,10
537,경기,광주시,한국발달장애복지센터,광주시장애인주간보호시설(북부권),경기도 광주시 사기막길 95번길 59,031-768-9400,031-768-9402,30,23,8
538,경기,광주시,사회복지법인 향림원,광주시장애인주간보호시설,경기도 광주시 곤지암읍 광여로 555-40,031-762-8532,031-762-8541,30,17,7
539,경기,광주시,사회복지법인 할렐루야복지재단,할렐루야 광주 주간보호센터,경기도 광주시 곤지암읍 신만로58번길 29-8,031-768-0420,031-768-0421,16,16,5
540,경기,광주시,사회복지법인 조이하트,조이하트 장애인주간보호센터,"경기도 광주시 마루들길 300, C블럭 상가동 1층, 102호, 103호",070-7793-3791,031-624-5995,12,12,4
541,경기,광명시,성모성심수도회,광명장애인종합복지관주간보호센터,경기도 광명시 목감로 120,02-2616-3700,02-2616-3368,16,21,4
542,경기,광명시,성모성심수도회,성인장애인주간보호센터,경기도 광명시 목감로 120,02-2616-3700,02-2616-3368,30,26,9
543,경기,광명시,개인,사랑터,경기도 광명시 광명로 823,02-2060-0620,02-2060-0620,12,12,4
544,경기,하남시,하울회,하늘아래주간보호시설,"경기도 하남시 덕풍동로 111-15, 507호",070-8802-4404,050-4240-4404,10,8,4
545,경기,하남시,하남교회,하남시장애인주간보호시설,경기도 하남시 검단로 19번길 27,031-796-0455,031-796-0440,24,24,8
546,경기,하남시,대한예수교장로회  한국장로교복지재단,하남시장애인복지관  주간보호센터,"경기도 하남시 미사강변남로  56,1층,3층",031-794-2266,031-794-2261,20,16,9
547,경기,군포시,사단법인 사랑의손길,군포시장애인주간보호시설,경기도 군포시 청백리길 18 ,031-8068-8862,031-398-7432,15,16,4
548,경기,군포시,개인,산본장애인주간보호시설,"경기도 군포시 산본동 곡란로28, 1층",,0303-3447-2104,16,15,6
549,경기,군포시,솔복지재단,솔복지센터,"경기도 군포시 고산로 151번길 28, 404호",031-458-3004,031-458-3005,15,12,5
550,경기,군포시,사단법인)한국장애인부모회군포시지부,늘푸른주간보호센터,경기도 군포시 산본로 394(대림프라자 603호),031-393-3833,031-393-3855,15,12,5
551,경기,군포시,사랑의손길,가온누리주간보호센터,"경기도 군포시 군포로444 4층(당동,서일빌딩)",031-398-0124,031-398-0128,16,15,6
552,경기,오산시,사단법인 오산예일,오산남부장애인주간보호센터,경기도 오산시 오산로 132번길 28-5,031-376-6207,031-376-6206,18,17,5
553,경기,오산시,세교복지재단,오산시세교장애인주간보호센터,경기도 오산시 수청로 192,031-290-8590,031-290-8599,15,13,4
554,경기,양주시,휴먼복지회,양주시장애인종합복지관 부설 주간보호시설,경기도 양주시 고삼로 43번길 29,031-928-4090,031-928-4140,12,12,5
555,경기,양주시,휴먼복지회,양주시장애인주간보호시설,경기도 양주시 백석읍 양주산성로 865-17,031-875-0501,031-875-0502,10,8,5
556,경기,양주시,행복한세상 복지재단,행복한주간보호센터,경기도 양주시 백석읍 부흥로 397번길 21,031-877-3334,031-837-7174,15,14,8
557,경기,이천시,사회복지법인 승가원,이천시장애인종합복지관 부설 주간보호센터,"경기도 이천시 신둔면 석동로3, 별관 1층",031-8011-2067,031-8011-2065,12,10,6
558,경기,이천시,더플러스에이블사회적협동조합,이천시장애인주간보호시설 효양동산,경기도 이천시 부발읍 죽당로 36,031-633-8874,031-633-8875,30,13,8
559,경기,이천시,사회복지법인 엘리엘동산,엘리엘동산 주간보호센터,경기도 이천시 마장면 이장로 256,031-8011-2114,031-8011-2346,20,20,8
560,경기,구리시,사회복지법인 휴먼복지회,밝은누리터,경기도 구리시 벌말로129번길 50,031-562-3011,031-562-3016,13,16,5
561,경기,구리시,사회복지법인 휴먼복지회,좋은누리터,경기도 구리시 이문안로 86-1,031-562-0068,031-562-0078,12,13,5
562,경기,안성시,한길복지재단,안성시장애인주간보호시설,"경기도 안성시 삼거리길 29, 1층 104호 (가사동)",031-672-6193,031-673-6194,24,23,8
563,경기,안성시,고앤두,서운장애인주간보호센터,경기도 안성시 서운면 서운로 277-3 ,031-8057-2156,031-8057-2157,20,25,7
564,경기,의왕시,사회복지법인 고앤두,의왕시장애인주간보호시설,"경기도 의왕시 오전로 27, 2층(고천동)",031-451-3910,031-451-3913,30,25,11
565,경기,의왕시,사회복지법인 대한불교조계종 사회복지재단,청계장애인주간보호시설,"경기도 의왕시 덕장로 19, 2층(청계동)",031-422-6083,031-422-1223,30,17,11
566,경기,의왕시,사단법인 행복연대징검다리,징검다리장애인주간활동지원센터,"경기도 의왕시 부곡중앙남1길 29, 1층(삼동)",031-689-4526,031-689-4536,15,10,7
567,경기,포천시,임마누엘복지재단,곰두리두레마을,경기도 포천시 군내면 청성로 5,031-536-9545,031-536-9548,21,20,8
568,경기,포천시,우림복지재단,포천시 장애인주간보호센터,경기도 포천시 소흘읍 송우로132번길 54,031-543-0194,031-544-0195,20,16,8
569,경기,양평군,사회적협동조합 공정,양평군장애인주간보호센터,경기도 양평군 양동면 양동로 1829,031-774-2583,031-772-2584,10,5,4
570,경기,양평군,캠프힐마을,캠프힐배움터 누리,경기도 양평군 옥천면 원통이길 49-19,031-774-1345,031-774-1347,12,7,6
571,경기,양평군,대한불교조계종사회복지재단,양평군성인장애인주간보호센터,경기도 양평군 양평읍 중앙로111번길 36-1,031-773-9868,031-772-9093,28,27,8
572,경기,여주시,상생복지회,상생장애인주간보호센터,경기도 여주시 세종대왕면 중부대로2806-5,031-884-3310,031-884-3360,22,15,7
573,경기,여주시,대한불교조계종사회복지재단,여주시장애인복지관 부설 장애인주간보호센터,경기도 여주시 청심로 105,031-883-2165,031-883-2130,14,11,6
574,경기,여주시,오순절평화의마을,여주시장애인주간보호센터,경기도 여주시 점동면 가남로 1007-69,070-4166-9294,0502-989-9583,15,10,6
575,경기,동두천시,샘솟는기쁨복지재단,동두천시 장애인주간보호시설,경기도 동두천시 상패로 64,031-866-9600,031-696-6895,30,23,5
576,경기,과천시,푸르메재단,다누리센터,경기도 과천시 문원로 40,02-2185-8030,02-3418-3500,24,24,6
577,경기,과천시,하늘행복나눔재단,사랑의동산,경기도 과천시 희망4길 57,02-502-2353,02-502-2359,17,14,6
578,경기,가평군,재단법인 가평군복지재단,가평군장애인주간보호센터,"경기도 가평군 가평읍 석봉로 191번길 65-19, 3층",070-8146-0001,070-8150-9785,12,10,4
579,강원,춘천시,강원도지적발달장애인복지협회,하나린주간보호소,강원도 춘천시 외솔길 17,033-263-6683,033-263-6684,16,17,4
580,강원,춘천시,사회복지법인 기독교대한감리회 사회복지재단,새라새주간보호소,강원도 춘천시 사우로 27,033-255-2491,033-255-2494,16,13,4
581,강원,춘천시,사회복지법인 천주교춘천교구,어우리주간보호소,"강원도 춘천시 스무숲길 4-46, 2층",033-264-1086,033-264-1087,30,17,8
582,강원,춘천시,강원도지적발달장애인복지협회춘천시지부,도래샘주간보호소,강원도 춘천시 스포츠타운길 399번길 12(삼천동),033-255-6695,033-252-6694,30,28,11
583,강원,춘천시,그린케어복지사회적협동조합,그린교육원,강원도 춘천시 서면 수정1길 45,033-243-4599,033-243-4598,15,13,6
584,강원,원주시,사회복지법인 원주가톨릭사회복지회,천사장애인주간보호소,강원도 원주시 개륜1길 63,033-742-8119,033-744-8117,16,12,7
585,강원,원주시,사회복지법인 마가렛사회복지회,해맑은주간보호소,강원도 원주시 동부순환로 9-8,033-766-5996,033-766-5994,15,13,8
586,강원,원주시,사회복지법인 마가렛사회복지회,사랑뜰,강원도 원주시 치악로,033-766-1133,033-764-1132,20,13,8
587,강원,원주시,한국장애인부모회,꿈꾸는나무 주간보호센터,강원도 원주시 지니기길 11-24,033-766-1722,033-766-1788,20,15,8
588,강원,강릉시,한국교통장애인협회,미리내주간보호센터,강원 강릉시 사천면 방동길 6+8,033-643-1804,070-4659-7247,26,19,6
589,강원,강릉시,사회복지법인 더행복사회복지재단,더행복주간보호센터,"강원도 강릉시 범일로 558-20, 1층",033-644-9488,033-655-3593,10,11,4
590,강원,강릉시,사회복지법인 천주교춘천교구,나래교실,강원도 강릉시 경강로 2533번길 8-3,033-652-5041,033-652-5042,10,10,4
591,강원,동해시,사회복지법인 성지복지재단,동해시장애인주간보호소,강원도 동해시 한섬로 28-12(천곡동),033-533-5894,033-532-5894,20,17,9
592,강원,태백시,사회복지법인 홍이회,태백장애인종합복지관  부설 주간보호센터,강원도 태백시 금천길 179,033-582-7049,033-582-7047,20,15,4
593,강원,속초시,강원도지적발달장애인복지협회,속초시장애인복지센터,강원도 속초시 원암학사평길 62,033-635-6311,03-635-6312,12,11,4
594,강원,속초시,사회복지법인 대한불교조계종 신흥사복지재단,금강장애인복지센터,강원도 속초시 중도문길 4-19호,033-635-7365,033-635-7465,40,22,7
595,강원,삼척시,사회복지법인 원주가톨릭사회복지회,샘터 주간활동센터,강원도 삼척시 원당로2길 72-47,033-576-0039,033-572-3936,15,15,6
596,강원,영월군,강원도지적발달장애인복지협회,꿈&꿈,강원도 영월읍 내성길31번길44,033-372-8558,033-375-8668,30,21,8
597,강원,양양군,사회복지법인 사회복지법인정다운복지재단,양양군장애인주간보호센터,강원도 양양군 서면 구룡령로3080-14,033-672-2400,033-672-2401,15,15,5
598,충북,괴산군,한국지체장애인협회,괴산군장애인주간보호센터,괴산군 괴산읍 동진천길61,043-862-0862,043-832-0863,12,12,3
599,충북,단양군,대한불교 천태종복지재단,단양장애인주간보호센터,단양군 단양읍 별곡5길5,043-420-6300,043-420-6301,15,12,3
600,충북,영동군,추풍령장애인협회,미소장애인주간보호센터,영동군 추풍령면 신안로 448-2,043-745-5845,043-745-5846,12,12,4
601,충북,영동군,한국장애인부모회영동군지부,천사의 둥지,영동군 영동읍 구교2길 15,043-745-5662,043-745-1513,10,9,4
602,충북,옥천군,전석복지재단,옥천군장애인복지관주간보호센터,옥천군 옥천읍 삼양로 8길 10,043-733-2500,043-731-6513,14,14,4
603,충북,음성군,대한성공회유지재단,음성군장애인복지관주간보호센터,음성군 금왕읍 무극로309번길43-6,043-883-2900,043-883-2913,15,15,3
604,충북,제천시,한국지적발달장애인복지협회,큰나무주간활동센터,제천시 숭문로18길 9,043-653-5407,043-652-5407,25,25,8
605,충북,제천시,한걸음사회적협동조합,마중장애인주간보호센터,제천시 독순로9길 14-1,043-645-0401,043-642-0401,16,16,5
606,충북,제천시,대한불교조계종 사회복지재단,아나율 장애인주간보호센터,제천시 의림대로 242,043-652-0903,043-652-0904,20,21,5
607,충북,제천시,사회복지법인 다하,세하주간활동센터,제천시 탑안로 20,043-645-5472,043-642-5472,20,15,5
608,충북,증평군,증평복지재단,증평군장애인주간보호센터,증평군 증평읍 보건복지로 56-1,043-835-4804,043-835-4807,10,0,5
609,충북,진천군,한국지체장애인협회,진천군장애인주간보호시설,진천군 진천읍 문화6안길 14-14,043-534-7321,043-534-7329,20,16,6
610,충북,청주시,천주교청주교구사회복지회,혜원장애인종합복지관 장애인주간보호시설,청주시 서원구 남지로21번길 60,043-295-2505,070-7543-9757,31,31,14
611,충북,청주시,충북지적발달장애인복지협회,행복센터,"청주시 청원구 율천북로 81, 201호",043-254-7416,043-254-7417,20,12,7
612,충북,청주시,유스투게더,베다니주간센터 미소둥지,청주시 서원구 호국로26번길 16,043-266-7114,043-266-7115,33,27,12
613,충북,청주시,한국신장장애인협회,청주시신장장애인주간보호센터,청주시 청원구 새터로79번길 3-1,043-223-7112,043-223-7113,25,22,7
614,충북,청주시,한국장애인부모회,우리누리주간보호센터,청주시 서원구 쌍샘로 11-17,043-272-5262,043-273-5262,20,20,9
615,충북,청주시,한국농아인협회,청주시농아인주간보호센터,청주시 청원구 무심동로 692번길 226,043-216-1313,043-216-3003,12,12,5
616,충북,청주시,한국장애인부모회,온유주간보호센터,청주시 상당구 낭성면 산성로926,043-223-1215,043-283-1214,28,27,11
617,충북,청주시,사회복지개발회,청주시장애인주간보호센터,청주시 흥덕구 무심서로 845,043-271-5300,043-271-5301,20,20,12
618,충북,청주시,나누미장애인복지회,나누리장애인주간보호센터,청주시 상당구 목련로 213-18,043-291-7227,043-291-7228,18,12,5
619,충북,청주시,사회적협동조합 더 공생,더 공생 주간보호센터,청주시 서원구 복대로 13,043-908-0501,043-908-0501,12,6,5
620,충북,충주시,숭덕원,충주시장애인다사랑센터,충주시 사직로 142-5,043-846-3305,043-852-1231,20,18,5
621,충북,충주시,숭덕원,다모아주간보호센터,충주시 도장관주로 34-17,043-856-1108,043-856-1109,20,19,5
622,충북,충주시,한국장애인부모회 충주시지부,다누리주간보호센터,충주시 사직산21길 34,043-842-2134,043-842-2135,20,20,5
623,충남,계룡시,사회복지법인 수덕,계룡시장애인주간보호센터,충남 계룡시 엄사면 소라실길13 1층,042-840-7766,042-367-2382,10,7,3
624,충남,공주시,한국지체장애인협회 충남협회,해랑루리&푸른나래교실,충남 공주시 계룡면 영규대사로 747,041-856-7071,041-856-0270,16,15,5
625,충남,논산시,충남시각장애인연합회논산시지회,논산시장애인주간보호시설,충남 논산시 부적면 마구평길 22-1,041-736-2680,041-734-6334,15,15,4
626,충남,당진시,충남장애인부모회 당진지회,두드림장애인주간보호센터,"충남 당진시 남부로 16, 장애인회관 2층",041-354-3328,041-354-3328,15,12,5
627,충남,보령시,사회복지법인 보령학사,충청남도서부장애인종합복지관 주간보호시설,보령시 주교면 보령북로 404,041-934-7244,041-934-7242,15,15,3
628,충남,서산시,개인,서산장애인주간보호센터,충청남도 서산시 수석1길 50,041-669-6761,041-668-6761,12,9,5
629,충남,서천군,사랑의정원,사랑의정원,충청남도 서천군 판교면 대백제로 1958번길 39,041-951-4520,041-951-4530,10,11,3
630,충남,아산시,충남장애인부모회아산지회,아산시두리사랑주간보호센터,충남 아산시 선문로217-2 1층,041-547-3693,041-546-3692,12,9,5
631,충남,아산시,사단법인좋은복지,좋은복지주간보호센터,충남 아산시 배방읍 북수로 83-14,041-546-7110,041-546-7911,12,12,4
632,충남,아산시,한국지체장애인협회,아산시장애인복지관 주간보호시설,충청남도 아산시 곡교천로27번길 10,041-545-7727,041-545-7757,20,20,5
633,충남,예산군,예산군장애인연합회,예산군장애인종합복지관 부설 장애인주간보호센터 ,예산군 신암면 추사고택로 496,041-330-9091,041-334-6521,12,12,4
634,충남,천안시,대한성공회유지재단,천안시장애인종합복지관 부설 주간보호센터,천안시 서북구 두정고2길 51,041-551-0420,041-568-0420,30,29,10
635,충남,천안시,대한성공회유지재단,천안시누리별장애인종합복지관 부설 장애인주간보호센터,충청남도 천안시 동남구 천안대로 359,041-564-7942,041-564-5025,15,10,5
636,충남,천안시,사회복지법인 기독교대한감리회 사회복지재단,천안시종합사회복지관 부설 장애인주간보호센터,충남 천안시 동남구 천안대로 316(삼룡동),041-903-3617,041-903-3618,20,19,6
637,충남,천안시,사회복지법인 삼화복지재단,천안죽전주간보호센터,충남 천안시 동남구 정골1길 134,041-555-5446,041-558-5446,15,12,5
638,충남,천안시,충청남도장애인부모회 ,두리사랑주간보호센터,"충청남도 천안시 서북구 성정공원1길 9-4, 호원빌딩 306호",041-561-6282,041-561-6283,26,18,8
639,충남,천안시,아르크,천안시하모니주간보호센터,천안시 서북구 월봉로 48 나사렛대학교 지혜관 B11호,041-592-0907,041-592-0903,15,10,5
640,충남,천안시,한빛인,천안시휴브릿지주간보호센터,"충청남도 천안시 동남구 충절로 311, 201호 202호",041-579-8220,041-522-7984,30,25,10
641,충남,천안시,장애인평생학교 두런두런,두런두런주간보호센터,"충청남도 천안시 서북구 늘푸른3길 37, 2층(두정동, 홍은빌딩)",041-415-0877,070-7500-0313,15,10,5
642,전북,전주시,전라북도 장애인 부모회,전라북도장애인부모회부설주간보호센터,전라북도 전주시 완산구 백제대로 20-41 (평화동1가),063-224-6679,,15,12,4
643,전북,전주시,전라북도시각장애인연합회,전라북도시각장애인주간보호센터,"전라북도 전주시 덕진구 학산길 36-8, 3층 (팔복동2가)",063-282-4344,063-212-4345,15,13,4
644,전북,전주시,전주베다니,전주베다니주간보호센타,전라북도 전주시 완산구 능안자구길 134-11 (삼천동3가),063-223-2592,0303-0223-2592,20,15,6
645,전북,전주시,중도원,전주장애인종합복지관 주간보호센터,전라북도 전주시 완산구 백제대로 20-41 (평화동1가),063-229-0630,,15,13,3
646,전북,전주시,한국장애인부모회,꿈마을주간보호센터,"전라북도 전주시 완산구 덕적골2길 67-16, 1층 (평화동1가)",063-227-0644,063-227-0402,20,19,5
647,전북,전주시,한국장애인부모회,해찬나래주간보호센터,"전라북도 전주시 완산구 춘향로 5011-5, 1층 (색장동)",063-224-0644,,20,17,5
648,전북,전주시,전주시장애인부모회,정다운주간보호센터,전라북도 전주시 덕진구 기린대로 549 (덕진동2가),063-274-0095,070-4855-0096,18,18,5
649,전북,전주시,희망드림,희망드림주간보호센터,"전라북도 전주시 덕진구 송천중앙로 140, 2층 206호 (송천동1가)",063-904-8833,063-904-8832,10,11,3
650,전북,전주시,전라북도손수레자립생활협회,손수레주간보호센터,"전라북도 전주시 덕진구 들사평4길 8-6, 1층 (덕진동1가)",063-237-0082,063-237-0092,16,14,4
651,전북,전주시,전라북도중증장애인자립생활연대,새롬장애인주간보호센터,전라북도 전주시 덕진구 중상보로 34,063-246-1512,063-247-1512,10,10,3
652,전북,전주시,바른복지사무소,희망해장애인주간보호센터,"전라북도 전주시 완산구 안행7길 13, 1층 (효자동1가)",063-229-6625,063-229-6625,10,9,3
653,전북,전주시,해냄복지회,해냄장애인주간보호센터,"전라북도 전주시 덕진구 호성1길 33-10, 301호 (호성동1가)",063-223-8488,,13,13,5
654,전북,전주시,더나눔,더나눔주간보호센터,"전라북도 전주시 완산구 평화9길 12, 4층 (평화동2가)",063-903-8111,063-903-8114,18,14,4
655,전북,군산시,구세군복지재단,구세군군산목양원장애인주간보호시설,군산시 회현면 남군산로 332-45,063-466-6098,063-466-6028,25,14,4
656,전북,군산시,산돌,산돌장애인주간보호센터,전라북도 군산시 월명안길 1,063-462-4461,063-446-4461,15,12,3
657,전북,군산시,한국장애인부모회,희망나눔주간보호센터,전북 군산시 죽성로7 동일빌딩 3층,063-468-6032,063-468-6030,15,14,3
658,전북,군산시,전주가톨릭사회복지회,군산장애인종합복지관주간보호센터,전북 군산시 칠성안3길 37,063-466-7971,063-466-7983,12,11,3
659,전북,군산시,전라북도시각장애인연합회,군산시각장애인주간보호센터,군산시 소룡동 설림길 25,063-466-0666,063-466-0667,15,10,3
660,전북,익산시,사랑의손길 새소망,새소망 주간보호시설,전북 익산시 인북로 5길 8-1,063-852-1174,063-852-1176,25,19,5
661,전북,익산시,한국장애인부모회,한마음주간보호센터,전북 익산시 익산대로 30길 11-1,063-858-4858,063-857-4821,30,26,10
662,전북,익산시,장애인 사랑하는 모임,해바라기 주간보호센터,전북 익산시 서동로 29길 37-3,063-842-8819,063-831-8819,14,12,4
663,전북,익산시,익산시장애인부모회,푸른솔주간보호시설,전라북도 익산시 하왕길 98-5,063-833-3367,063-833-336,20,13,5
664,전북,정읍시, 지자체,장애인복지관부설주간보호센터,전라북도 정읍시 수성1로 58 ,063-539-6690,063-532-0600,18,18,4
665,전북,정읍시,정읍시장애인부모회,울림주간보호센터,전라북도 정읍시 상동중앙로 24-32,063-536-3009,063-536-3008,16,14,4
666,전북,정읍시,한국장애인부모회,푸른나래주간보호센터,전라북도 정읍시 수성1로 51,063-532-2220,063-532-2221,16,15,4
667,전북,남원시,한기장복지재단,남원시장애인주간보호센터,"남원시 이백면 닭뫼안길 87, 3층",063-635-1544,063-635-1546,20,12,3
668,전북,남원시,사회복지법인 햇빛,우리집,전북 남원시 이백면 초촌길 75-11,063-626-6209,063-636-6201,20,20,5
669,전북,남원시,사회복지법인 햇빛,사랑과행복이가득한우리집,전북 남원시 이백면 초촌길 75-9,063-636-6204,063-636-6201,24,21,5
670,전북,김제시,김제제일복지재단,김제시장애인종합복지관 주간보호센터,전라북도 김제시 갈공길 28,063-542-9503,070-4832-6300,25,23,7
671,전북,완주군,나누는사람들,완주군장애인복지관 주간보호센터,전북 완주군 봉동읍 낙평장기로 22,070-5153-9043,063-261-7804,12,12,3
672,전북,진안군,반월복지재단,진안군장애인종합복지관 부설 진안장애인주간보호센터,전라북도 진안군 진안읍 진무로 1189-1,063-432-8871,063-432-8873,15,14,6
673,전북,장수군,나누는사람들,장수군장애인주간보호센터,전북 장수군 장수읍 노하3길 16,063-353-8286,063-353-8287,18,18,4
674,전북,고창군,(사)한두레장애인자립생활협회,고창군장애인주간보호시설, 전북 고창군 고창읍 전봉준로 108-4,063-923-9920,063-923-9921,15,12,5
675,전북,부안군,한기장복지재단,부안장애인종합복지관장애인주간보호센터,전북 부안군 부안읍 용암로 134,063-580-7602,063-580-7601,15,14,3
676,전남,고흥군,개인,예빛누리장애인주간보호시설,전남 고흥군 남양면 고흥로 3604,061-835-7991,061-835-7992,15,15,4
677,전남,광양시,한국지적발달장애인복지협회 광양시지부,햇빛마을주간보호센터,전남 광양시 금호로 330,061-799-2777,061-799-2778,20,20,6
678,전남,광양시,삼동회,광양주간보호시설,전남 광양시 광양읍 대림오성로117,061-761-4438,061-761-4437,14,13,4
679,전남,구례군,대한예수교장로회순천노회유지재단,구례군장애인주간보호센터,전남 구례군 구례읍 동편제길 30,061-783-7611,061-783-7607,12,10,3
680,전남,나주시,한국장애인부모회,나주시장애인주간보호센터,전남 나주시 늦은맛재길9,061-332-5055,061-332-5056,20,19,5
681,전남,담양군,혜림복지재단,혜림주간보호센터,전남 담양군 금성면 새덕굴길 317,061-380-4580,061-380-4616,16,16,4
682,전남,목포시,대한예수교장로회목포노회서부유지재단,성산그레이스장애인주간보호센터,전남 목포시 번화로 41-7,061-285-9520,061-285-9521,30,20,6
683,전남,목포시,성골롬반복지재단,성골롬반하우스,전남 목포시 백년대로 266번길 13,061-284-2879,061-284-3879,25,15,4
684,전남,목포시,성골롬반복지재단,명도복지관 주간보호센터,전남 목포시 산정로 199번길 25,070-4174-2590,061-279-4880,25,25,5
685,전남,무안군,대송의료재단,무안군장애인주간보호시설,전남 무안군 무안읍 공항로 148-18,061-454-4560,061-452-9838,14,14,4
686,전남,순천시,전남지적발달장애인복지협회,전남지적발달장애인복지협회 순천시지부 주간보호센터,전남 순천시 강남로 27,061-744-0826,061-744-0825,15,12,4
687,전남,순천시,한국YWCA연합회후원회순천YWCA,순천시장애인주간보호센터,전남 순천시 서면 청소년수련원길 2,061-755-4413,061-755-6639,14,14,5
688,전남,순천시,세석밀알,순천밀알주간보호센터,전남 순천시 상사면 오실길183,061-723-9917,061-724-9917,20,22,6
689,전남,신안군,개인,숲누리장애인주간보호센터,전남 신안군 압해읍 수련의금길 46-11,061-271-8277,061-271-8278,20,14,4
690,전남,여수시,사회복지법인베타니아,주간보호시설작은나루 ,전남 여수시 문수7길 26-12,070-4733-5582,061-652-0983,20,18,5
691,전남,여수시,동행,동행주간보호센터,전남 여수시 무선5길 15,061-681-3571,061-682-3573,20,14,7
692,전남,여수시,개인,꿈이룸터,전남 여수시 무선8길 29-1,061-683-3307,061-683-3317,20,19,5
693,전남,여수시,밀알복지재단,다솜누리장애인주간보호센터,전남 여수시 소라면 덕양삼거리길 11-36,061-685-1153,061-685-1157,40,26,6
694,전남,여수시,한국지적발달장애인복지협회 여수시지부,사랑이가득한집,전남 여수시 문수북5길 27-12,061-653-9970,061-653-9930,20,17,6
695,전남,영광군,전남지적발달장애인복지협회 영광군지부,영광장애인주간보호센터,전남 영광군 영광읍 옥당로 50,061-356-0420,061-351-0534,25,25,6
696,전남,영광군,전남지적발달장애인복지협회 영광군지부,하누리장애인주간보호센터,전남 영광군 영광읍 덕호로 82-15,061-352-0804,061-352-0903,30,26,6
697,전남,영암군,우리재가복지,영암군장애인주간보호센터,"전남 영암군 삼호읍 세가래로 88, 4층",061-462-1695,061-462-1675,30,26,6
698,전남,영암군,영암경로복지회,영암참사랑장애인주간보호센터,전남 영암군 신북면 원월평길 8,061-472-9166,061-472-9167,10,8,4
699,전남,장흥군,선인사회복지회,전라남도장애인종합복지관 장흥분관 ,전남 장흥군 장흥읍 흥성로 25,061-864-4105,061-863-4106,12,13,3
700,전남,함평군,무지개재단,무지개장애인주간보호센터,전남 함평군 학교면 학교화산길 16,061-323-7275,061-323-7280,30,18,6
701,전남,해남군,대한불교조계종사회복지재단,해남군장애인종합복지관 주간보호센터,전남 해남군 해남읍 신안길 2-20,061-536-6311,061-536-6332,16,16,3
702,전남,화순군,전남지적발달장애인복지협회 화순군지부,햇살장애인주간보호센터,전남 화순군 화순읍 학포로 2641-33,061-373-8004,061-372-8004,20,20,5
703,전남,화순군,개인,하늘사랑장애인주간보호센터,전남 화순군 화순읍 중앙로 52-7,061-371-3215,061-375-6990,29,26,7
704,경북,경산시,기아대책,경산보금자리장애인주간보호센터,"경북 경산시 경안로 42길 9, 3층",053-812-2328,053-812-2327,15,15,4
705,경북,경산시,기아대책,경산시뇌병변장애인주간보호센터,"경북 경산시 압량읍 압독2로 11, 4층",053-802-2046,053-802-2047,15,8,5
706,경북,경산시,경상북도장애인부모회,경산시중증장애인자립지원센터,"경북 경산시 진량읍 선화로 11, 4층",053-814-7745,053-8147741,20,15,4
707,경북,경산시,한국지적발달장애인복지협회,햇님주간보호센터,경북 경산시 강변동로 264 2층 ,053-811-9166,053-811-9165,15,15,5
708,경북,경산시,희망복지사회적협동조합,경산장애인주간보호센터,"경북 경산시 압량읍 압독2로11, 2층 201호",053-811-7976,053-811-7978,12,10,4
709,경북,경주시,예티쉼터,경주시중증장애인자립지원센터,경북 경주시 양정로 314,054-744-1114,054-777-5660,20,17,4
710,경북,경주시,예티쉼터,예티주간보호센터,경북 경주시 소금강로 57번길 10,054-620-7978,054-749-9555,12,12,4
711,경북,경주시,대한불교조계종불국사 복지재단,경주시장애인복지관 주간보호센터,경북 경주시 유림로5번길 99-4,054-772-7751,054-776-7754,12,12,3
712,경북,경주시,예티쉼터,주사랑주간보호센터,경북 경주시 강동명 오금큰길 484-8,054-762-7973,054-763-7972,12,12,4
713,경북,구미시,경북장애인부모회구미시지부,구미중증장애인자립지원센터,경북 구미시 금오산로5길 10-4,054-443-1114,054-443-1115,20,17,5
714,경북,구미시,수효복지재단,사곡주간보호센터,"경북 구미시 상사동로 165, 1층",054-464-4882,054-461-4882,16,16,4
715,경북,구미시,대구가톨릭사회복지회,강동주간보호센터,"경북 구미시 검성로 115-1, 2층",054-600-5070,054-472-5071,15,15,5
716,경북,구미시,한국지적발달장애인복지협회구미시지부,참사랑주간보호센터,경북 구미시 형곡로3길 12-4,054-452-6862,054-453-6862,16,15,4
717,경북,구미시,한기장복지재단,선산주간보호센터,경북 구미시 선산읍 단계동길 126,054-481-1109,054-481-1105,16,13,4
718,경북,구미시,수효복지재단,장천주간보호센터,경북 구미시 장천면 강동로 218-9,054-473-4885,054-473-4886,16,16,4
719,경북,구미시,경상북도장애인부모회구미시지부,다봉주간보호센터,경북 구미시 봉곡북로 13길 30,054-462-0611,070-7039-6577,28,26,7
720,경북,구미시,경북뇌병변구미시지회,형곡뇌병변주간보호센터,경북 구미시 형곡동로24,054-441-9300,054-441-9308,12,12,3
721,경북,구미시,한국교통장애인협회,장애인복지관주간보호센터,경북 구미시 공원로 340,054-457-3172,054-457-3177,12,12,3
722,경북,김천시,한국지체장애인협회,김천시장애인주간보호센터,경북 김천시 환경로 136-6,054-434-2400,054-439-9295,15,15,4
723,경북,김천시,직지사복지재단,김천시중증장애인자립지원센터,경북 김천시 어모면 어모로 544-4,054-437-2241,054-437-2243,23,23,5
724,경북,김천시,성요셉복지재단,성요셉장애인주간보호센타,경북 김천시 남면 갈항길 320,054-435-4176,054-435-4175,15,13,4
725,경북,문경시,한국지체장애인협회,문경시장애인주간보호센터,경북 문경시 시청 2길 34,054-556-0042,054-556-0043,16,16,4
726,경북,문경시,한국지체장애인협회,문경시중증장애인자립지원센터,경북 문경시 시청2길 34,054-556-0072,054556-0073,20,19,4
727,경북,봉화군,별솔사회적협동조합,별솔주간보호센터,경북 봉화군 봉성면 구절로 189,054-672-1890,054-672-1891,10,5,3
728,경북,상주시,천주교안동교구사회복지회,상주시장애인주간보호센터,경북 상주시 만산 8길 11,070-4740-7989,054-536-3980,13,10,3
729,경북,상주시,꿈마을,상주시중증장애인자립지원센터,경북 상주시 왕산로 42-19,054-531-9511,054-534-9512,20,20,5
730,경북,상주시,더세종복지재단,세종장애인주간보호센터,경북 상주시 함창읍 상갈길45-29,054-533-6589,054-533-6589,10,10,4
731,경북,안동시,애명,참사랑장애인주간보호시설,경북 안동시 북후면 광평2길 106-25,054-859-9730,054-858-7287,10,10,4
732,경북,안동시,한국장애인재활협회 경북협회,파랑새장애인주간보호센터,경북 안동시 옥명길89(태화동),054-841-9103,054-841-9113,12,11,4
733,경북,안동시,한국지적발달장애인복지협회,사랑밭주간보호센터,경북 안동시 제비원로 329(안기동),054-857-2112,054-853-7624,15,15,4
734,경북,안동시,한국장애인부모회 안동시지부,안동시중증발달장애인주간보호센터,"경북 안동시 복주5길 33, 202호(옥동)",054-853-5116,054-853-5120,12,6,4
735,경북,안동시,경상북도장애인부모회안동시지부,안동시중증장애인자립지원센터,경북 안동시 단원로 214-3(화성동),054-853-1176,054-853-1196,20,20,5
736,경북,영주시,대한불교조계종사회복지재단,영주시장애인종합복지관 부설 주간보호센터,경북 영주시 원당로52번길 25,054-633-6415,054-633-6419,10,10,4
737,경북,영주시,경상북도장애인재활협회,영풍장애인주간보호센터,"경북 영주시 풍기읍 기주로 26번길 5, 101호",054-633-0420,054-633-0421,10,10,4
738,경북,영주시,진원,진원장애인주간보호센터,경북 영주시 봉화로 71번길 55,054-632-1145,054-634-1142,14,3,4
739,경북,영주시,대한불교조계종사회복지재단,영주시중증장애인자립지원센터,경북 영주시 광복로 47,054-634-3251,054-634-3253,20,20,4
740,경북,영천시,한국지체장애인협회,영천시장애인종합복지관 주간보호시설,경북 영천시 보목2길 10,054-333-3535,054-333-3536,12,12,4
741,경북,영천시,한국지체장애인협회,영천시중증장애인자립지원센터,경북 영천시 산업단지로 95,054-336-9700,054-336-9779,20,17,4
742,경북,울진군,고우이복지재단,울진군장애인종합복지관 주간보호센터,경북 울진군 울진읍 울진북로 496-12,054-782-2006,054-782-2007,12,11,3
743,경북,울진군,경상북도장애인부모회울진군지부,울진군중증장애인자립지원센터,경북 울진군 울진북로 496-11,054-782-8312,054-782-8317,16,16,4
744,경북,의성군,한국지적발달장애인복지협회,디딤돌주간보호센터,경북 의성군 잔보들길 130 의성군장애인복지센터 본관,054-833-0377,054-833-0378,26,26,8
745,경북,칠곡군,경상북도장애인부모회칠곡군지부,칠곡군중증장애인자립지원센터,경북 칠곡군 약목면 복성8길 24,054-975-1004,054-975-1055,25,23,5
746,경북,칠곡군,성유,한누리 주간보호센터,경북 칠곡군 약목면 무림1길 21-48,054-975-0010,054-975-0002,20,15,6
747,경북,포항시,한국장애인부모회 포항시지부,사랑의 동산,경북 포항시 북구 흥해읍 달전로 187,054-261-5758,054-261-5756,15,13,4
748,경북,포항시,경북지적발달장애인복지협회 포항시지부,늘사랑주간보호센터,"경북 포항시 북구 새천년대로 1307, 3F",054-244-9577,054-244-988,15,14,4
749,경북,포항시,예티쉼터,우함 주간보호센터,경북 포항시 남구 청림서길35번길 6,054-291-7972,057-291-7974,15,13,4
750,경북,포항시,나전복지재단,주간보호센터 해뜨락,경북 포항시 북구 청하면 청하로 243번길24,054-292-6111,054-255-6111,15,10,4
751,경북,포항시,대구가톨릭사회복지회,포항장애인주간보호시설,경북 포항시 북구 문화로9번길 25,054-282-3633,054-282-3637,12,10,4
752,경북,포항시,경북시각장애인연합회,경상북도시각장애인복지관 주간보호센터,경북 포항시 남구 섬안로 175 3층,054-253-5905,054-254-5900,15,15,4
753,경북,포항시,사회복지법인 지인,담쟁이주간보호센터,경북 포항시 남구 연일읍 중단길 50,054-273-5304,054-273-5303,15,14,5
754,경북,포항시,포항선린복지재단,선린동산,경북 포항시 북구 삼호로 480-33,054-252-4406,070-7209-8100,15,11,4
755,경북,포항시,사회복지법인 열린가람,선재장애인주간보호센터,경북 포항시 남구 오천읍 문덕로11번길 32-4,054-248-6166,054-292-6167,15,12,4
756,경북,포항시,한국뇌병변장애인인권협회,참좋은주간보호센터,경북 포항시 북구 청하면 동해대로2514-30,054-231-7874,054-231-7875,15,12,4
757,경북,포항시,해피밀알복지재단,밀알주간보호센터,경북 포항시 북구 법원로 97번길 20-11,054-282-9082,054-272-9417,12,9,3
758,경북,포항시,한국장애인부모회 포항시지부,중증장애인자립지원센터,"경북 포항시 북구 두호로 35, 미문빌딩 2층",054-231-1170,054-231-1171,20,16,5
759,경남,창원시,행복누리,과수원,경상남도 의창구 대산면 갈전로 69-20,055-253-5129,055-253-5128,12,0,3
760,경남,창원시,동진,동진장애인주간보호센터,경상남도 창원시 의창구 동읍 동읍로 503번길 10,055-299-2233,055-299-0300,20,9,3
761,경남,창원시,한국장애인부모회 경남장애인부모회,도담도담,경상남도 창원시 의창구 북면 정렬대로 1115,055-298-9838,055-299-9852,15,11,3
762,경남,창원시,경남시각장애인연합회 창원시창원지회,창원시각장애인주간보호센터,"경상남도 창원시 의창구 도계로 29-1,4층 (도계동)",055-288-8518,055-288-8519,12,12,3
763,경남,창원시,선린복지재단,요한의집,경상남도 창원시 성산구 신촌로134번길 43,055-286-1109,055-286-1109,12,12,4
764,경남,창원시,선린복지재단,바울의집,경상남도 창원시 성산구 신촌로134번길 43,055-286-1309,055-286-1309,10,10,3
765,경남,창원시,천주교마산교구사회복지회,햇살지기주간보호센터,경상남도 창원시 마산합포구 반월서7길 59,055-247-5198,055-244-5199,12,11,3
766,경남,창원시,경남시각장애인복지연합회창원시마산지회,창원시마산시각장애인주간보호시설센터,"경상남도 창원시 마산합포구 서성로48, 402호",055-244-2023,055-222-8846,20,20,4
767,경남,창원시,호계문창교회,내서지역장애인주간보호센터,경상남도 창원시 마산회원구 호계본동로 78 2층,055-231-4725,055-232-4702,28,16,4
768,경남,창원시,느티나무경상남도장애인부모회 창원시지부,맑은내주간보호시설,"경상남도 창원시 마산회원구 양덕로 99, 1층",055-248-2263,055-242-2263,20,15,4
769,경남,창원시,사단)경남시각장애인복지연합회 진해지회,진해시각장애인주간보호센터,경상남도 창원시 진해구 진해대로 577,055-551-4486,055-545-3734,15,15,4
770,경남,창원시,사회복지법인드림재단,밀알장애인주간보호센터,경상남도 창원시 진해구 충장로449번길19,055-542-0982,055-547-1909,20,11,3
771,경남,창원시,마산교구천주교회유지재단,진해장애인주간보호센터,경상남도 창원시 진해구 진해대로 1101,055-540-0435,070-7966-0460,12,12,3
772,경남,진주시,고려장애인부모회,진주장애인복지센터,경상남도 진주시 금산면 송백로 30,055-762-1070,055-761-0194,40,25,6
773,경남,진주시,늘사랑,늘푸른,"경상남도 진주시 대평면 호반로 937,2층",055-759-8988,055-759-8908,14,8,3
774,경남,진주시,올리브나무,올리브나무,"경상남도 진주시 진주대로 948번길 18,1층",055-761-4117,055-762-4115,17,15,5
775,경남,진주시,한국장애인부모회,누리봄,경상남도 진주시 금산면 금산순환로61,055-761-7964,055-761-7965,16,13,4
776,경남,진주시,경상남도시각장애인연합회,진주시시각장애인주간보호센터,경상남도 진주시 남강로736번길 6-3(옥봉동),055-741-2543,055-741-2543,16,16,3
777,경남,통영시,한국장애인부모회 통영시지부,민들레집,"경상남도 통영시 북문2길 43-16, 2층",055-641-2933,055-641-2932,20,12,4
778,경남,통영시,한국장애인부모회 경남협회,아름다운동행,경상남도 통영시 평인일주로 832-23,055-649-1360,055-649-1366,15,12,4
779,경남,통영시,경남시각장애인복지연합회 통영시지회,통영시시각장애인주간보호시설센터,경상남도 통영시 안개3길 36,055-642-8142,055-648-4554,20,20,4
780,경남,사천시,느티나무경상남도장애인부모회,사천시장애인주간보호센터,경상남도 사천시 용현면 진삼로 447,055-831-5529,055-835-4216,15,15,4
781,경남,사천시,느티나무경상남도장애인부모회 사천시지부,사천열린장애인주간보호센터,경상남도 사천시 구미3길 54,055-854-4060,055-854-4023,15,14,4
782,경남,사천시,사회복지법인 사랑둥지,사랑둥지장애인주간보호센터,경상남도 사천시 송포양계길 34-49,055-835-8860,055-834-8860,15,15,4
783,경남,사천시,경남시각장애인복지연합회사천지회,시각장애인주간보호센터,경상남도 사천시 사천읍 무산로 21,055-853-4110,055-853-4130,20,17,2
784,경남,김해시,김해시복지재단,김해장애인주간보호센터,경상남도 김해시 삼계로 140(삼계동),055-310-8943,055-314-7116,19,16,5
785,경남,김해시,김해시장애인부모회,우미우손주간보호소,경상남도 김해시 번화1로79번길 2 센터빌딩 906호,055-312-5014,055-312-5010,15,10,3
786,경남,김해시,인제대학교 산학협력단,동화장애인주간보호소,경상남도 김해시 분성로 227,070-7606-3372,055-329-6340,19,18,5
787,경남,김해시,경상남도시각장애인복지연합회,김해시시각장애인주간보호센터,"경상남도 김해시 해반천로130번길 19, 신화빌딩 3층",055-331-2588,055-326-2588,10,10,3
788,경남,밀양시,사회복지법인 인애복지재단,아람나무주간보호시설,경상남도 밀양시 가곡14길 22,055-350-1742,055-350-1770,12,12,3
789,경남,밀양시,사회복지법인 인애복지재단,다솜나무주간보호시설,경상남도 밀양시 가곡14길 22,055-350-1746,055-350-1771,12,12,3
790,경남,밀양시,경남시각장애인복지연합회 밀양지회,밀양시 시각장애인주간보호센터,"경상남도 밀양시 가곡15길 2, 301호(가곡동, 성원프라자9차)",055-353-5531,055-352-5537,20,20,4
791,경남,거제시,경남시각장애인복지연합회거제지회,거제시시각장애인주간보호센터,"경상남도 거제시 계룡로 70 (고현동, 향군회관 5층)",055-632-7226,055-632-7378,20,20,3
792,경남,거제시,거제소망사회복지회,낮은울타리,경상남도 거제시 연초면 송정이목로 65,055-687-5580,055-687-9562,50,42,18
793,경남,거제시,한국장애인선교단체총연합회,주바라기,경상남도 거제시 연초면 연사7길 13-2,055-633-1445,055-636-1449,20,11,4
794,경남,양산시,양산시복지재단,양산시장애인주간보호센터,경상남도 양산시 북안남5길 15,055-912-4575,055-381-9659,16,16,4
795,경남,양산시,양산시복지재단,시나브로장애인주간보호센터,경상남도 양산시 덕계7길 24,055-781-0725,055-785-0727,20,16,5
796,경남,양산시,사회복지법인통도사자비원,행복한장애아동주간보호센터,경상남도 양산시 물금읍 오봉10길 8,055-365-9544,055-364-9545,10,10,2
797,경남,양산시,경남시각장애인복지연합회양산시지회,양산시시각장애인주간보호센터,경상남도 양산시 북안남5길 15,055-381-0134,055-381-0942,15,15,3
798,경남,의령군,경남시각장애인복지연합회,의령군시각장애인주간보호센터,"경상남도 의령군 의령읍 의병로8길 44, 1층",055-573-6911,055-573-6913,15,14,3
799,경남,함안군,개인,행복동산(발달장애인주간보호시설),경상남도 함안군 대산면 대부로 365,055-582-7060,055-582-7061,20,19,5
800,경남,함안군,개인,함안군시각장애인주간보호센터,경상남도 함안군 가야읍 중앙남길 66,055-582-9322,055-584-9321,20,20,2
801,경남,창녕군,법인,창녕군시각장애인주간보호센터,경상남도 창녕군 창녕읍 탐하로 234,055-533-7333,055-532-3666,20,20,3
802,경남,고성군,경남시각장애인복지연합회 고성지회,고성군시각장애인주간보호센터,경상남도 고성군 고성읍 송학고분로 344번길 5-17,055-673-4548,055-673-4549,20,20,3
803,경남,고성군,사회복지법인 보이지않는손,사랑나눔공동체,경상남도 고성군 삼산면 공룡로 2936-109,055-673-5509,055-673-5539,25,20,5
804,경남,남해군,한국시각장애인연합회경남지부남해군지회,남해시각장애인주간보호센터,경상남도 남해군 남해읍 망운로 32,055-864-6121,055-862-6126,13,13,2
805,경남,하동군,사단법인 경남시각장애인복지연합회  하동군지회,하동군시각장애인주간보호센터,경상남도 하동군 하동읍 섬진강대로2214 종합사회복지관 1층,055-883-0600,055-883-0086,13,13,3
806,경남,하동군,사단법인 경상남도시각장애인복지연합회 하동군지회,하동군발달장애인주간보호센터,"경상남도 하동군 하동읍 섬진강대로 2214, 종합사회복지관 별관2층",055-884-4015,055-884-4013,23,21,5
807,경남,산청군,경남시각장애인복지연합회,산청군시각장애인주간보호센터,경상남도 산청군 산청읍 꽃봉산로79번길 9,055-974-1440,055-973-1430,15,15,2
808,경남,함양군,사회복지법인함양군복지회,함양군장애인주간보호센터,경상남도 함양군 함양읍 이은농공길3-9,055-963-8950,055-963-8996,20,19,5
809,경남,함양군,함양군시각장애인주간보호센터,함양군시각장애인주간보호센터,경상남도 함양군 함양읍 함양남서로1069-13,055-962-0815,055-964-0282,13,13,4
810,경남,거창군,경상남도시각장애인복지연합회 거창군지회,거창군시각장애인주간보호센터,경상남도 거창군 거창읍 송정1길 24-15,055-945-3155,055-945-3122,15,15,3
811,경남,합천군,경남시각장애인복지연합회합천군지회,합천군시각장애인주간보호소,경상남도 합천군 합천읍 남정길79 종합사회복지관별관 1층,055-933-7858,055-933-7855,15,15,2
812,제주,제주시,사단법인 한국발달장애인협회,발달장애인주간보호 거북이센터,제주시 조천읍 우진오름길 34,064-758-0877,064-783-1338,15,13,6
813,제주,제주시,사회적협동조합 선우,선정주간활동센터,"제주시 우평로 28-2, 성광 1층",064-713-5180,064-713-5181,20,19,8
814,제주,제주시,사회복지법인희엘,천사나래주간보호센터,제주시 전농로119 제주트리뷰아일랜드 102호,064-702-5441,0303-0946-5441,16,14,7
815,제주,제주시,사회적협동조합 품에,사회적협동조합품에 장애인주간활동센터,제주시 도련남길 104-12,070-7585-7773,070-7585-7767,24,18,5
816,제주,제주시,한국신장장애인협회제주협회,신장장애인주간활동센터,"제주시 성화로7길 2, 1층",064-751-1197,064-722-1191,20,20,8
817,제주,제주시,제주특별자치도지체장애인협회 제주시지회,지체장애인주간보호시설,제주시 도남로10길 35-4,064-721-7300,064-751-5252,15,15,7
818,제주,제주시,제주황새왓카리타스,제주가톨릭장애인주간보호센터,"제주시 기와5길 81, 3층",064-724-0999,064-724-0998,20,20,8
819,제주,제주시,사회복지법인 삼다,제주시각장애인주간보호시설,제주시 아봉로 433,064-721-4440,064-721-3939,20,15,7
820,제주,제주시,제주특별자치도장애인총연합회,탐라장애인주간보호시설,제주시 광양4길 32,064-757-9910,064-757-9912,15,15,7
821,제주,제주시,사회복지법인 유진,유진주간활동센터,제주시 해안마을2길 7-10,064-747-1371,064-747-1372,20,17,8
822,제주,제주시,창암복지재단,창암교육센터,제주시 애월읍 중산간서로 6566-4,064-478-5544,064-748-5545,15,15,7
823,제주,제주시,신원복지재단,행복한 쉼터,제주시 첨단로 202,064-722-0915,064-722-0916,15,13,6
824,제주,제주시,사회적협동조합 희망나래,희망나래활동센터,제주시 구산동길 15,064-752-5151,070-8147-5152,20,20,8
825,제주,제주시,한국지적발달장애인복지협회,한솔주간활동센터,"제주시 노연로 119, 4층",064-746-3306,070-8147-1791,20,20,8
826,제주,제주시,한국지적발달장애인복지협회,한울주간활동센터,"제주시 지석4길 7, 2층",064-723-1791,064-723-1790,20,22,8
827,제주,제주시,농애원,청각언어장애인주간보호시설,"제주시 내도7길 10, 101호",064-712-1633,064-712-1631,15,10,6
828,제주,제주시,사회적협동조합반디,반디주간활동센터,제주시 서광로 19길 4,064-702-7477,064-702-7277,20,18,5
829,제주,제주시,사회복지법인한림소망의집,서부장애인복지센터,제주시 한림읍 한림상로 207-14,064-796-8161,064-796-8162,20,16,7
830,제주,제주시,제주베데스다발달장애인복지공동체,한라주간활동센터,제주시 아연로 113-22,064-742-0653,064-744-0651,20,17,8
831,제주,제주시,제주장애인인권포럼,제주장애인주간활동센터,"제주시 연삼로422, 3층",064-901-4535,064-091-4536,20,18,8
832,제주,제주시,사회적협동조합 희망나래,제주시동백주간활동센터,제주시 조천읍 북촌12길 76-5,064-783-0928,064-784-0928,30,30,11
833,제주,서귀포시,제주특별자치도지적발달장애인복지협회서귀포시지부,서귀포주간보호센터,제주특별자치도 서귀포시 위미상원북로 24번길 104,064-764-3385,064-764-3305,20,20,9
834,제주,서귀포시,사회복지법인 희망모아,희망모아 주간활동센터,제주특별자치도 서귀포시 색달로 131,064-739-3085,064-793-5085,20,20,8
835,제주,서귀포시,사회복지법인 행복나눔,장애인주간보호시설 행복나눔,제주특별자치도 서귀포시 동홍동로 26번길 26(동홍동),064-733-6799,064-732-6799,18,18,8
836,제주,서귀포시,한국농아인협회,청각·언어장애인 주간보호시설 돌담정낭,제주특별자치도 서귀포시 호근서호로 94(호근동),064-738-0603,064-738-0605,18,14,6
837,제주,서귀포시,사회복지법인 덕궁원,해인주간활동센터,제주특별자치도 서귀포시 하신상로 410,064-732-7879,064-732-7179,18,18,8
838,제주,서귀포시,사회적협동조합 파란나라,파란나라장애인 주간활동센터,제주특별자치도 서귀포시 동홍북로 51번길 24,064-763-2357,064-767-2357,18,18,7
839,제주,서귀포시,사회적협동조합 파란나라,서귀포해오름 주간활동센터,제주특별자치도 서귀포시 표선면 표선중앙로 9-8,064-787-2358,064-787-2359,18,18,8
840,제주,서귀포시,사회복지법인 삼다,서귀포시각장애인주간보호시설,제주특별자치도 서귀포시 월평로 10,064-738-1111,064-738-4200,20,20,9
